Dia Semana,Data,Atendimento,Demandante,Atuação,Modelo,Sem OS,Com OS,KM Terrestre,KM Aéreo,Preventiva,Corretiva,Instalacao,Treinamento,Viagem,Cidade,UF,Folga Trabalhada,Papelada,Plantao,Cod. IBGE UF,Cod. IBGE Cidade,Ano,Mes,MesNome
Sexta,01/01/2021,Feriado Ano Novo,0,Feriado,,0,0,0,0,0,0,0,0,0,São Paulo,SP,0,0,0,35,3550308,2021,1,Janeiro
Sábado,02/01/2021,Folga,0,Folga,,0,0,0,0,0,0,0,0,0,São Paulo,SP,0,0,0,35,3550308,2021,1,Janeiro
Domingo,03/01/2021,Folga,0,Folga,,0,0,0,0,0,0,0,0,0,São Paulo,SP,0,0,0,35,3550308,2021,1,Janeiro
Segunda,04/01/2021,C 8290 Santos Brasil Alemoa (Ranan),Ranan,Trabalhado,FS6000,0,1,175,0,0,1,0,0,0,Santos,SP,0,0,0,35,3548500,2021,1,Janeiro
Terça,05/01/2021,Relatório complementar C 8290,Ranan,Trabalhado,FS6000,1,0,0,0,0,1,0,0,0,São Paulo,SP,0,0,0,35,3550308,2021,1,Janeiro
Quarta,06/01/2021,exame periódico (Débora) / Correios  vistoria guindaste (Hugo)  /  C 8305 Fórum João Mendes (Diego),Diego,Trabalhado,CX6040BI,2,1,124,0,0,1,0,0,0,São Paulo,SP,0,0,0,35,3550308,2021,1,Janeiro
Quinta,07/01/2021,treinamento fábrica Simulacro ETD (Diego) / C8311 Romão Gomes (Bruno),Diego,Trabalhado,HT2100DV,1,1,133,0,0,1,0,1,0,São Paulo,SP,0,0,0,35,3550308,2021,1,Janeiro
Sexta,08/01/2021,Folga Plantão,0,Folga Plantão,,0,0,0,0,0,0,0,0,0,São Paulo,SP,0,0,0,35,3550308,2021,1,Janeiro
Sábado,09/01/2021,Plantão,Plantão,Trabalhado,,1,0,0,0,0,0,0,0,0,São Paulo,SP,0,0,1,35,3550308,2021,1,Janeiro
Domingo,10/01/2021,Plantão + ida VCP a SDU (RJ),Plantão,Trabalhado,,2,0,260,408,0,0,0,0,1,Rio de Janeiro,RJ,0,0,1,33,3304557,2021,1,Janeiro
Segunda,11/01/2021,treinamento Correios RJ (Diego),Diego,Trabalhado,CX100100D,1,0,27,0,0,0,0,1,1,Rio de Janeiro,RJ,0,0,0,33,3304557,2021,1,Janeiro
Terça,12/01/2021,treinamento Correios RJ (Diego),Diego,Trabalhado,CX100100D,1,0,27,0,0,0,0,1,1,Rio de Janeiro,RJ,0,0,0,33,3304557,2021,1,Janeiro
Quarta,13/01/2021,treinamento Correios RJ (Diego) + C8369 P8368 Justiça Federal RJ (Walter),Diego,Trabalhado,CX5030T,1,2,50,0,1,1,0,1,1,Rio de Janeiro,RJ,0,0,0,33,3304557,2021,1,Janeiro
Quinta,14/01/2021,Apoio RJ (Diego) + C8377 Justiça trabalho RJ (Walter),Diego,Trabalhado,CX6040BI,0,1,20,0,0,1,0,0,1,Rio de Janeiro,RJ,0,0,0,33,3304557,2021,1,Janeiro
Sexta,15/01/2021,Apoio RJ (Diego) + volta GIG a GRU (SP),Diego,Trabalhado,CX100100D,1,0,100,338,0,0,0,0,1,Rio de Janeiro,RJ,0,0,0,33,3304557,2021,1,Janeiro
Sábado,16/01/2021,Folga,0,Folga,,0,0,0,0,0,0,0,0,0,São Paulo,SP,0,0,0,35,3550308,2021,1,Janeiro
Domingo,17/01/2021,Folga,0,Folga,,0,0,0,0,0,0,0,0,0,São Paulo,SP,0,0,0,35,3550308,2021,1,Janeiro
Segunda,18/01/2021,Papelada,Bruno,Trabalhado,,1,0,0,0,0,0,0,0,0,São Paulo,SP,0,1,0,35,3550308,2021,1,Janeiro
Terça,19/01/2021,,0,Sem atividade,,0,0,0,0,0,0,0,0,0,São Paulo,SP,0,0,0,35,3550308,2021,1,Janeiro
Quarta,20/01/2021,,0,Sem atividade,,0,0,0,0,0,0,0,0,0,São Paulo,SP,0,0,0,35,3550308,2021,1,Janeiro
Quinta,21/01/2021,C8454 Santos Brasil Alemoa (Ranan),Ranan,Trabalhado,FS6000,0,1,180,0,0,1,0,0,0,Santos,SP,0,0,0,35,3548500,2021,1,Janeiro
Sexta,22/01/2021,,0,Sem atividade,,0,0,0,0,0,0,0,0,0,São Paulo,SP,0,0,0,35,3550308,2021,1,Janeiro
Sábado,23/01/2021,Folga,0,Folga,,0,0,0,0,0,0,0,0,0,São Paulo,SP,0,0,0,35,3550308,2021,1,Janeiro
Domingo,24/01/2021,Folga,0,Folga,,0,0,0,0,0,0,0,0,0,São Paulo,SP,0,0,0,35,3550308,2021,1,Janeiro
Segunda,25/01/2021,Feriado Aniversário SP,0,Feriado,,0,0,0,0,0,0,0,0,0,São Paulo,SP,0,0,0,35,3550308,2021,1,Janeiro
Terça,26/01/2021,voo ida Paranaguá GRU - CWB,Ranan,Trabalhado,,1,0,140,359,0,0,0,0,1,Paranaguá,PR,0,0,0,41,4118204,2021,1,Janeiro
Quarta,27/01/2021,ônibus + Obra Paranaguá,Ranan,Trabalhado,FS6000,2,0,90,0,0,0,1,0,1,Paranaguá,PR,0,0,0,41,4118204,2021,1,Janeiro
Quinta,28/01/2021,Obra Paranaguá,Ranan,Trabalhado,FS6000,1,0,10,0,0,0,1,0,1,Paranaguá,PR,0,0,0,41,4118204,2021,1,Janeiro
Sexta,29/01/2021,folga plantão + Obra Paranaguá,Ranan,Trabalhado,FS6000,1,0,10,0,0,0,1,0,1,Paranaguá,PR,1,0,0,41,4118204,2021,1,Janeiro
Sábado,30/01/2021,Plantão,Plantão,Trabalhado,,1,0,10,0,0,0,0,0,1,Paranaguá,PR,0,0,1,41,4118204,2021,1,Janeiro
Domingo,31/01/2021,Plantão,Plantão,Trabalhado,,1,0,10,0,0,0,0,0,1,Paranaguá,PR,0,0,1,41,4118204,2021,1,Janeiro
Segunda,01/02/2021,Obra Paranaguá,Ranan,Trabalhado,FS6000,1,0,10,0,0,0,1,0,1,Paranaguá,PR,0,0,0,41,4118204,2021,2,Fevereiro
Terça,02/02/2021,Obra Paranaguá,Ranan,Trabalhado,FS6000,1,0,10,0,0,0,1,0,1,Paranaguá,PR,0,0,0,41,4118204,2021,2,Fevereiro
Quarta,03/02/2021,Obra Paranaguá,Ranan,Trabalhado,FS6000,1,0,10,0,0,0,1,0,1,Paranaguá,PR,0,0,0,41,4118204,2021,2,Fevereiro
Quinta,04/02/2021,Obra Paranaguá,Ranan,Trabalhado,FS6000,1,0,10,0,0,0,1,0,1,Paranaguá,PR,0,0,0,41,4118204,2021,2,Fevereiro
Sexta,05/02/2021,Obra Paranaguá + volta (CWB - GRU),Ranan,Trabalhado,FS6000,2,0,140,359,0,0,1,0,1,Paranaguá,PR,0,0,0,41,4118204,2021,2,Fevereiro
Sábado,06/02/2021,Folga,0,Folga,,0,0,0,0,0,0,0,0,0,São Paulo,SP,0,0,0,35,3550308,2021,2,Fevereiro
Domingo,07/02/2021,Folga,0,Folga,,0,0,0,0,0,0,0,0,0,São Paulo,SP,0,0,0,35,3550308,2021,2,Fevereiro
Segunda,08/02/2021,C8647 Fem Santana (Paulinelli) + Escritório,Paulinele,Trabalhado,HT2000GA,1,1,87,0,0,1,0,0,0,São Paulo,SP,0,0,0,35,3550308,2021,2,Fevereiro
Terça,09/02/2021,C8655 FS Itajaí + Ida Paranaguá (GRU - CWB),Ranan,Trabalhado,FS6000,1,1,140,359,0,1,0,0,1,Paranaguá,PR,0,0,0,41,4118204,2021,2,Fevereiro
Quarta,10/02/2021,Obra Paranaguá,Ranan,Trabalhado,FS6000,1,0,10,0,0,0,1,0,1,Paranaguá,PR,0,0,0,41,4118204,2021,2,Fevereiro
Quinta,11/02/2021,Obra Paranaguá,Ranan,Trabalhado,FS6000,1,0,10,0,0,0,1,0,1,Paranaguá,PR,0,0,0,41,4118204,2021,2,Fevereiro
Sexta,12/02/2021,Folga plantão + Obra Paranaguá,Ranan,Trabalhado,FS6000,1,0,10,0,0,0,1,0,1,Paranaguá,PR,1,0,0,41,4118204,2021,2,Fevereiro
Sábado,13/02/2021,Plantão Paraná + Obra Paranaguá,Ranan,Trabalhado,FS6000,2,0,10,0,0,0,1,0,1,Paranaguá,PR,0,0,1,41,4118204,2021,2,Fevereiro
Domingo,14/02/2021,Plantão Paraná + Obra Paranaguá,Ranan,Trabalhado,FS6000,1,0,10,0,0,0,1,0,1,Paranaguá,PR,0,0,1,41,4118204,2021,2,Fevereiro
Segunda,15/02/2021,Carnaval + Obra Paranaguá,Ranan,Trabalhado,FS6000,1,0,10,0,0,0,1,0,1,Paranaguá,PR,1,0,0,41,4118204,2021,2,Fevereiro
Terça,16/02/2021,Carnaval + Obra Paranaguá,Ranan,Trabalhado,FS6000,1,0,10,0,0,0,1,0,1,Paranaguá,PR,1,0,0,41,4118204,2021,2,Fevereiro
Quarta,17/02/2021,Obra Paranaguá,Ranan,Trabalhado,FS6000,1,0,10,0,0,0,1,0,1,Paranaguá,PR,0,0,0,41,4118204,2021,2,Fevereiro
Quinta,18/02/2021,volta (CWB - GRU) + C0025 100100D GRU 170248,Diego,Trabalhado,CX100100D,1,1,140,359,0,1,0,0,1,Paranaguá,PR,0,0,0,41,4118204,2021,2,Fevereiro
Sexta,19/02/2021,,0,Sem atividade,,0,0,0,0,0,0,0,0,0,São Paulo,SP,0,0,0,35,3550308,2021,2,Fevereiro
Sábado,20/02/2021,Folga,0,Folga,,0,0,0,0,0,0,0,0,0,São Paulo,SP,0,0,0,35,3550308,2021,2,Fevereiro
Domingo,21/02/2021,"içamento e instalação Correios VL Leopoldina  (Paulinele) OS's 8, 9, 11, 12 e 13",Paulinele,Trabalhado,CX100100D,0,2,100,0,0,0,2,0,0,São Paulo,SP,0,0,0,35,3550308,2021,2,Fevereiro
Segunda,22/02/2021,"içamento e instalação Correios VL Leopoldina  (Paulinele) OS's 8, 9, 11, 12 e 13",Paulinele,Trabalhado,CX100100D,0,2,100,0,0,0,2,0,0,São Paulo,SP,0,0,0,35,3550308,2021,2,Fevereiro
Terça,23/02/2021,"içamento e instalação Correios VL Leopoldina  (Paulinele) OS's 8, 9, 11, 12 e 13",Paulinele,Trabalhado,CX100100D,0,1,100,0,0,0,1,0,0,São Paulo,SP,0,0,0,35,3550308,2021,2,Fevereiro
Quarta,24/02/2021,Ida Porto Velho (GRU - PVH) + treinamento e instalação Porto Velho - RO,Diego,Trabalhado,CX100100D,1,1,50,2474,0,0,1,1,1,Porto Velho,RO,0,0,0,11,1100205,2021,2,Fevereiro
Quinta,25/02/2021,treinamento e instalação Porto Velho - RO,Diego,Trabalhado,CX100100D,1,0,10,0,0,0,1,1,1,Porto Velho,RO,0,0,0,11,1100205,2021,2,Fevereiro
Sexta,26/02/2021,Folga plantão + treinamento e instalação Porto Velho - RO + Retorno SP (PVH - BSB - GRU),Diego,Trabalhado,CX100100D,2,0,10,2474,0,0,1,1,1,Porto Velho,RO,1,0,0,11,1100205,2021,2,Fevereiro
Sábado,27/02/2021,Plantão Paraná + devolução simulacro fábrica,Diego,Trabalhado,,1,0,120,0,0,0,0,0,0,Carapicuíba,SP,0,0,1,35,3510609,2021,2,Fevereiro
Domingo,28/02/2021,Plantão Paraná + ida Paranaguá (GRU - CWB + ónibus Paranaguá),Ranan,Trabalhado,,1,0,140,359,0,0,0,0,1,Paranaguá,PR,0,0,1,41,4118204,2021,2,Fevereiro
Segunda,01/03/2021,Obra Paranaguá,Ranan,Trabalhado,FS6000,1,0,10,0,0,0,1,0,1,Paranaguá,PR,0,0,0,41,4118204,2021,3,Março
Terça,02/03/2021,Obra Paranaguá,Ranan,Trabalhado,FS6000,1,0,10,0,0,0,1,0,1,Paranaguá,PR,0,0,0,41,4118204,2021,3,Março
Quarta,03/03/2021,Obra Paranaguá,Ranan,Trabalhado,FS6000,1,0,10,0,0,0,1,0,1,Paranaguá,PR,0,0,0,41,4118204,2021,3,Março
Quinta,04/03/2021,Obra Paranaguá,Ranan,Trabalhado,FS6000,1,0,10,0,0,0,1,0,1,Paranaguá,PR,0,0,0,41,4118204,2021,3,Março
Sexta,05/03/2021,Obra Paranaguá,Ranan,Trabalhado,FS6000,1,0,10,0,0,0,1,0,1,Paranaguá,PR,0,0,0,41,4118204,2021,3,Março
Sábado,06/03/2021,Obra Paranaguá,Ranan,Trabalhado,FS6000,1,0,10,0,0,0,1,0,1,Paranaguá,PR,0,0,0,41,4118204,2021,3,Março
Domingo,07/03/2021,FS Itajaí,Ranan,Trabalhado,FS6000,0,1,210,0,0,1,0,0,1,Paranaguá,PR,0,0,0,41,4118204,2021,3,Março
Segunda,08/03/2021,Preventiva FS Itajaí,Ranan,Trabalhado,FS6000,0,1,10,0,1,0,0,0,1,Paranaguá,PR,0,0,0,41,4118204,2021,3,Março
Terça,09/03/2021,ida Itajaí - Paranaguá (carro) + Obra Paranaguá,Ranan,Trabalhado,FS6000,2,0,210,0,0,0,1,0,1,Paranaguá,PR,0,0,0,41,4118204,2021,3,Março
Quarta,10/03/2021,Obra Paranaguá,Ranan,Trabalhado,FS6000,1,0,10,0,0,0,1,0,1,Paranaguá,PR,0,0,0,41,4118204,2021,3,Março
Quinta,11/03/2021,Obra Paranaguá + volta CWB - GRU,Ranan,Trabalhado,FS6000,2,0,140,359,0,0,1,0,1,Paranaguá,PR,0,0,0,41,4118204,2021,3,Março
Sexta,12/03/2021,Folga Plantão,0,Folga Plantão,,0,0,0,0,0,0,0,0,0,São Paulo,SP,0,0,0,35,3550308,2021,3,Março
Sábado,13/03/2021,Preventiva Santos Alemoa FS + Plantão Paraná (Ranan),Ranan,Trabalhado,FS6000,0,1,180,0,1,0,0,0,0,Santos,SP,0,0,1,35,3548500,2021,3,Março
Domingo,14/03/2021,Plantão,Plantão,Trabalhado,,1,0,0,0,0,0,0,0,0,São Paulo,SP,0,0,1,35,3550308,2021,3,Março
Segunda,15/03/2021,ida GRU - NVT + atendimento FS Itajaí (Ranan),Ranan,Trabalhado,FS6000,1,1,140,442,0,1,0,0,1,Itajaí,SC,0,0,0,42,4208203,2021,3,Março
Terça,16/03/2021,corretiva FS Itajaí (Ranan),Ranan,Trabalhado,FS6000,1,0,10,0,0,0,0,0,1,Itajaí,SC,0,0,0,42,4208203,2021,3,Março
Quarta,17/03/2021,acompanhando FS Itajaí (Ranan),Ranan,Trabalhado,FS6000,1,0,10,0,0,0,0,0,1,Itajaí,SC,0,0,0,42,4208203,2021,3,Março
Quinta,18/03/2021,acompanhando FS Itajaí (Ranan),Ranan,Trabalhado,FS6000,1,0,10,0,0,0,0,0,1,Itajaí,SC,0,0,0,42,4208203,2021,3,Março
Sexta,19/03/2021,Retorno NVT - GRU,Ranan,Trabalhado,,1,0,90,442,0,0,0,0,1,Itajaí,SC,0,0,0,42,4208203,2021,3,Março
Sábado,20/03/2021,Folga,0,Folga,,0,0,0,0,0,0,0,0,0,São Paulo,SP,0,0,0,35,3550308,2021,3,Março
Domingo,21/03/2021,Folga,0,Folga,,0,0,0,0,0,0,0,0,0,São Paulo,SP,0,0,0,35,3550308,2021,3,Março
Segunda,22/03/2021,Fábrica PC RM Itajaí + Papelada (Ranan),Ranan,Trabalhado,FS6000,2,0,120,0,0,0,0,0,0,Carapicuíba,SP,0,1,0,35,3510609,2021,3,Março
Terça,23/03/2021,Ida VCP - PMW (correios Palmas) Paulinelli,Paulinele,Trabalhado,,1,0,260,1483,0,0,0,0,1,Palmas,TO,0,0,0,17,1721000,2021,3,Março
Quarta,24/03/2021,C0115 Correios Palmas (Paulinelli),Paulinele,Trabalhado,CX100100TI,0,1,15,0,0,1,0,0,1,Palmas,TO,0,0,0,17,1721000,2021,3,Março
Quinta,25/03/2021,volta PMW - GRU + Mala testes Fábrica + Correios Leopoldina,Paulinele,Trabalhado,CX100100D,3,0,150,1475,0,0,0,0,1,Palmas,TO,0,0,0,17,1721000,2021,3,Março
Sexta,26/03/2021,Correios Leopoldina,Paulinele,Trabalhado,CX100100D,1,0,100,0,0,0,0,0,0,São Paulo,SP,0,0,0,35,3550308,2021,3,Março
Sábado,27/03/2021,Folga,0,Folga,,0,0,0,0,0,0,0,0,0,São Paulo,SP,0,0,0,35,3550308,2021,3,Março
Domingo,28/03/2021,Folga trabalhada - FS Santos Alemoa,Ranan,Trabalhado,FS6000,0,1,180,0,0,1,0,0,0,Santos,SP,1,0,0,35,3548500,2021,3,Março
Segunda,29/03/2021,Feriado antecipado Lockdown,0,Folga,,0,0,0,0,0,0,0,0,0,São Paulo,SP,0,0,0,35,3550308,2021,3,Março
Terça,30/03/2021,Feriado antecipado Lockdown + Correios Leopoldina,Paulinele,Trabalhado,CX100100D,0,1,100,0,0,1,0,0,0,São Paulo,SP,0,0,0,35,3550308,2021,3,Março
Quarta,31/03/2021,Feriado antecipado Lockdown + ETD GRU remota,Bruno,Trabalhado,TR2000DC,0,1,100,0,0,1,0,0,0,São Paulo,SP,0,0,0,35,3550308,2021,3,Março
Quinta,01/04/2021,Correios Leopoldina,Paulinele,Trabalhado,CX100100D,1,0,100,0,0,0,0,0,0,São Paulo,SP,0,0,0,35,3550308,2021,4,Abril
Sexta,02/04/2021,Sexta Santa,0,Feriado,,0,0,0,0,0,0,0,0,0,São Paulo,SP,0,0,0,35,3550308,2021,4,Abril
Sábado,03/04/2021,Folga,0,Folga,,0,0,0,0,0,0,0,0,0,São Paulo,SP,0,0,0,35,3550308,2021,4,Abril
Domingo,04/04/2021,Folga,0,Folga,,0,0,0,0,0,0,0,0,0,São Paulo,SP,0,0,0,35,3550308,2021,4,Abril
Segunda,05/04/2021,,0,Sem atividade,,0,0,0,0,0,0,0,0,0,São Paulo,SP,0,0,0,35,3550308,2021,4,Abril
Terça,06/04/2021,Dosímetro + material testes na Fábrica,Paulinele,Trabalhado,,2,0,120,0,0,0,0,0,0,Carapicuíba,SP,0,1,0,35,3510609,2021,4,Abril
Quarta,07/04/2021,Correios Leopoldina,Paulinele,Trabalhado,CX100100D,1,0,100,0,0,0,0,0,0,São Paulo,SP,0,0,0,35,3550308,2021,4,Abril
Quinta,08/04/2021,Correios Leopoldina + Material testes fábrica + retirada de TR1000QC para Salvador,Paulinele,Trabalhado,CX100100D,3,0,120,0,0,0,0,0,0,Carapicuíba,SP,0,0,0,35,3510609,2021,4,Abril
Sexta,09/04/2021,Ida CHG - SSA + instalação TR1000QC,Diego,Trabalhado,TR1000QC,1,1,80,1481,0,0,1,0,1,Salvador,BA,0,0,0,29,2927408,2021,4,Abril
Sábado,10/04/2021,Volta SSA - GRU,Diego,Trabalhado,,1,0,80,1475,0,0,0,0,1,Salvador,BA,0,0,0,29,2927408,2021,4,Abril
Domingo,11/04/2021,Folga,0,Folga,,0,0,0,0,0,0,0,0,0,São Paulo,SP,0,0,0,35,3550308,2021,4,Abril
Segunda,12/04/2021,,0,Sem atividade,,0,0,0,0,0,0,0,0,0,São Paulo,SP,0,0,0,35,3550308,2021,4,Abril
Terça,13/04/2021,Papelada,Bruno,Trabalhado,,1,0,0,0,0,0,0,0,0,São Paulo,SP,0,1,0,35,3550308,2021,4,Abril
Quarta,14/04/2021,Fábrica peças FS + ida GRU - CWB + Obra Paranaguá,Ranan,Trabalhado,FS6000,3,0,250,359,0,0,1,0,1,Paranaguá,PR,0,0,0,41,4118204,2021,4,Abril
Quinta,15/04/2021,Obra Paranaguá,Ranan,Trabalhado,FS6000,1,0,10,0,0,0,1,0,1,Paranaguá,PR,0,0,0,41,4118204,2021,4,Abril
Sexta,16/04/2021,Obra Paranaguá,Ranan,Trabalhado,FS6000,1,0,10,0,0,0,1,0,1,Paranaguá,PR,0,0,0,41,4118204,2021,4,Abril
Sábado,17/04/2021,Obra Paranaguá,Ranan,Trabalhado,FS6000,1,0,10,0,0,0,1,0,1,Paranaguá,PR,0,0,0,41,4118204,2021,4,Abril
Domingo,18/04/2021,Obra Paranaguá,Ranan,Trabalhado,FS6000,1,0,10,0,0,0,1,0,1,Paranaguá,PR,0,0,0,41,4118204,2021,4,Abril
Segunda,19/04/2021,Obra Paranaguá,Ranan,Trabalhado,FS6000,1,0,10,0,0,0,1,0,1,Paranaguá,PR,0,0,0,41,4118204,2021,4,Abril
Terça,20/04/2021,Obra Paranaguá,Ranan,Trabalhado,FS6000,1,0,10,0,0,0,1,0,1,Paranaguá,PR,0,0,0,41,4118204,2021,4,Abril
Quarta,21/04/2021,Feriado Tiradentes + Obra Paranaguá,Ranan,Trabalhado,FS6000,1,0,10,0,0,0,1,0,1,Paranaguá,PR,1,0,0,41,4118204,2021,4,Abril
Quinta,22/04/2021,Obra Paranaguá,Ranan,Trabalhado,FS6000,1,0,10,0,0,0,1,0,1,Paranaguá,PR,0,0,0,41,4118204,2021,4,Abril
Sexta,23/04/2021,Folga Plantão + Volta CWB - GRU,Ranan,Trabalhado,,1,0,140,359,0,0,0,0,1,Paranaguá,PR,1,0,0,41,4118204,2021,4,Abril
Sábado,24/04/2021,Plantão,Plantão,Trabalhado,,1,0,0,0,0,0,0,0,0,São Paulo,SP,0,0,1,35,3550308,2021,4,Abril
Domingo,25/04/2021,Plantão + Atendimento FS Alemoa,Ranan,Trabalhado,FS6000,0,1,180,0,0,1,0,0,0,Santos,SP,0,0,1,35,3548500,2021,4,Abril
Segunda,26/04/2021,Papelada Escritório + Preventiva Mongaguá SAP,Diego,Trabalhado,HT2000GA,1,1,260,0,0,1,0,0,0,Mongaguá,SP,0,1,0,35,3531100,2021,4,Abril
Terça,27/04/2021,remota GRU 100100D,Bruno,Trabalhado,CX100100D,0,1,0,0,0,1,0,0,0,São Paulo,SP,0,0,0,35,3550308,2021,4,Abril
Quarta,28/04/2021,,0,Sem atividade,,0,0,0,0,0,0,0,0,0,São Paulo,SP,0,0,0,35,3550308,2021,4,Abril
Quinta,29/04/2021,,0,Sem atividade,,0,0,0,0,0,0,0,0,0,São Paulo,SP,0,0,0,35,3550308,2021,4,Abril
Sexta,30/04/2021,Corretiva Casa Itaquá,Diego,Trabalhado,HT2000GA,0,1,40,0,0,1,0,0,0,Itaquaquecetuba,SP,0,0,0,35,3523107,2021,4,Abril
Sábado,01/05/2021,Dia do Trabalho,0,Feriado,,0,0,0,0,0,0,0,0,0,São Paulo,SP,0,0,0,35,3550308,2021,5,Maio
Domingo,02/05/2021,Folga,0,Folga,,0,0,0,0,0,0,0,0,0,São Paulo,SP,0,0,0,35,3550308,2021,5,Maio
Segunda,03/05/2021,,0,Sem Atividade,,0,0,0,0,0,0,0,0,0,São Paulo,SP,0,0,0,35,3550308,2021,5,Maio
Terça,04/05/2021,,0,Sem Atividade,,0,0,0,0,0,0,0,0,0,São Paulo,SP,0,0,0,35,3550308,2021,5,Maio
Quarta,05/05/2021,agendamento preventiva Safra,Diego,Trabalhado,TR2000DC,1,0,0,0,0,0,0,0,0,São Paulo,SP,0,0,0,35,3550308,2021,5,Maio
Quinta,06/05/2021,Preventiva Safra + remota FS alemoa,Diego,Trabalhado,TR2000DC,1,1,62,0,1,1,0,0,0,São Paulo,SP,0,0,0,35,3550308,2021,5,Maio
Sexta,07/05/2021,,0,Sem Atividade,,0,0,0,0,0,0,0,0,0,São Paulo,SP,0,0,0,35,3550308,2021,5,Maio
Sábado,08/05/2021,Folga,0,Folga,,0,0,0,0,0,0,0,0,0,São Paulo,SP,0,0,0,35,3550308,2021,5,Maio
Domingo,09/05/2021,Folga,0,Folga,,0,0,0,0,0,0,0,0,0,São Paulo,SP,0,0,0,35,3550308,2021,5,Maio
Segunda,10/05/2021,Apoio Sérgio remoto,Bruno,Trabalhado,,1,0,0,0,0,0,0,0,0,São Paulo,SP,0,0,0,35,3550308,2021,5,Maio
Terça,11/05/2021,,0,Sem Atividade,,0,0,0,0,0,0,0,0,0,São Paulo,SP,0,0,0,35,3550308,2021,5,Maio
Quarta,12/05/2021,Correios Leopoldina + fábrica,Diego,Trabalhado,CX100100D,2,0,120,0,0,0,0,1,0,Carapicuíba,SP,0,0,0,35,3510609,2021,5,Maio
Quinta,13/05/2021,Correios Leopoldina + fábrica,Diego,Trabalhado,CX100100D,2,0,120,0,0,0,0,1,0,Carapicuíba,SP,0,0,0,35,3510609,2021,5,Maio
Sexta,14/05/2021,Correios Leopoldina + fábrica,Diego,Trabalhado,CX100100D,2,0,120,0,0,0,0,1,0,Carapicuíba,SP,0,0,0,35,3510609,2021,5,Maio
Sábado,15/05/2021,Folga,0,Folga,,0,0,0,0,0,0,0,0,0,São Paulo,SP,0,0,0,35,3550308,2021,5,Maio
Domingo,16/05/2021,Folga,0,Folga,,0,0,0,0,0,0,0,0,0,São Paulo,SP,0,0,0,35,3550308,2021,5,Maio
Segunda,17/05/2021,Correios Leopoldina,Diego,Trabalhado,CX100100D,1,0,100,0,0,0,0,1,0,São Paulo,SP,0,0,0,35,3550308,2021,5,Maio
Terça,18/05/2021,Correios Leopoldina + fábrica,Diego,Trabalhado,CX100100D,2,0,120,0,0,0,0,1,0,Carapicuíba,SP,0,0,0,35,3510609,2021,5,Maio
Quarta,19/05/2021,Correios Leopoldina,Diego,Trabalhado,CX100100D,0,6,100,0,0,0,0,1,0,São Paulo,SP,0,0,0,35,3550308,2021,5,Maio
Quinta,20/05/2021,Ida GRU - NAT,Diego,Trabalhado,,1,0,70,2300,0,0,0,0,1,Natal,RN,0,0,0,24,2408102,2021,5,Maio
Sexta,21/05/2021,Instalação Correios Natal,Diego,Trabalhado,CX100100D,0,1,30,0,0,0,1,0,1,Natal,RN,0,0,0,24,2408102,2021,5,Maio
Sábado,22/05/2021,Folga,0,Folga,,0,0,0,0,0,0,0,0,1,Natal,RN,0,0,0,24,2408102,2021,5,Maio
Domingo,23/05/2021,Folga,0,Folga,,0,0,0,0,0,0,0,0,1,Natal,RN,0,0,0,24,2408102,2021,5,Maio
Segunda,24/05/2021,Treinamento Operacional Correios Natal,Diego,Trabalhado,CX100100D,1,0,30,0,0,0,0,1,1,Natal,RN,0,0,0,24,2408102,2021,5,Maio
Terça,25/05/2021,Treinamento Manutenção Correios Natal,Diego,Trabalhado,CX100100D,1,0,30,0,0,0,0,1,1,Natal,RN,0,0,0,24,2408102,2021,5,Maio
Quarta,26/05/2021,Treinamento Manutenção Correios Natal,Diego,Trabalhado,CX100100D,1,0,30,0,0,0,0,1,1,Natal,RN,0,0,0,24,2408102,2021,5,Maio
Quinta,27/05/2021,Treinamento Manutenção Correios Natal,Diego,Trabalhado,CX100100D,1,0,30,0,0,0,0,1,1,Natal,RN,0,0,0,24,2408102,2021,5,Maio
Sexta,28/05/2021,Folga Plantão + Treinamento Manutenção Correios Natal,Diego,Trabalhado,CX100100D,1,0,30,0,0,0,0,1,1,Natal,RN,1,0,0,24,2408102,2021,5,Maio
Sábado,29/05/2021,Plantão + Volta NAT - VCP,Plantão,Trabalhado,,2,0,280,2322,0,0,0,0,1,Natal,RN,0,0,1,24,2408102,2021,5,Maio
Domingo,30/05/2021,Plantão,Plantão,Trabalhado,,1,0,0,0,0,0,0,0,0,São Paulo,SP,0,0,1,35,3550308,2021,5,Maio
Segunda,31/05/2021,,0,Sem Atividade,,0,0,0,0,0,0,0,0,0,São Paulo,SP,0,0,0,35,3550308,2021,5,Maio
Terça,01/06/2021,CDP Taubaté,Paulinele,Trabalhado,HT2000GA,0,1,350,0,0,1,0,0,0,Taubaté,SP,0,0,0,35,3554102,2021,6,Junho
Quarta,02/06/2021,Devolução de no break de CDP Taubaté na fábrica + papelada escritório,Paulinele,Trabalhado,,2,0,120,0,0,0,0,0,0,Carapicuíba,SP,0,1,0,35,3510609,2021,6,Junho
Quinta,03/06/2021,Corpus Christi,0,Feriado,,0,0,0,0,0,0,0,0,0,São Paulo,SP,0,0,0,35,3550308,2021,6,Junho
Sexta,04/06/2021,Instalação Correios Leopoldina,Diego,Trabalhado,CX100100D,0,1,100,0,0,0,1,0,0,São Paulo,SP,0,0,0,35,3550308,2021,6,Junho
Sábado,05/06/2021,Folga,0,Folga,,0,0,0,0,0,0,0,0,0,São Paulo,SP,0,0,0,35,3550308,2021,6,Junho
Domingo,06/06/2021,Folga,0,Folga,,0,0,0,0,0,0,0,0,0,São Paulo,SP,0,0,0,35,3550308,2021,6,Junho
Segunda,07/06/2021,Treinamento Operacional Correios Leopoldina,Diego,Trabalhado,CX100100D,1,0,100,0,0,0,0,1,0,São Paulo,SP,0,0,0,35,3550308,2021,6,Junho
Terça,08/06/2021,software Correios Leopoldina 5 e 4 andar x10 máquinas,Diego,Trabalhado,CX100100D,0,10,100,0,0,10,0,0,0,São Paulo,SP,0,0,0,35,3550308,2021,6,Junho
Quarta,09/06/2021,Correios Leopoldina CX cortando no túnel,Diego,Trabalhado,CX100100D,0,1,100,0,0,1,0,0,0,São Paulo,SP,0,0,0,35,3550308,2021,6,Junho
Quinta,10/06/2021,ida GRU - CWB,Paulinele,Trabalhado,,1,0,70,359,0,0,0,0,1,Curitiba,PR,0,0,0,41,4106902,2021,6,Junho
Sexta,11/06/2021,Treinamento Curitiba TR1000QC com Walter + FS Paranaguá,Paulinele,Trabalhado,TR1000QC,2,0,50,0,0,1,0,1,1,Curitiba,PR,0,0,0,41,4106902,2021,6,Junho
Sábado,12/06/2021,Folga + retorno cwb - gru,Ranan,Trabalhado,,1,0,70,359,0,0,0,0,1,Curitiba,PR,1,0,0,41,4106902,2021,6,Junho
Domingo,13/06/2021,Folga,0,Folga,,0,0,0,0,0,0,0,0,0,São Paulo,SP,0,0,0,35,3550308,2021,6,Junho
Segunda,14/06/2021,Planejamento preventivas SP,Diego,Trabalhado,,1,0,0,0,0,0,0,0,0,São Paulo,SP,0,0,0,35,3550308,2021,6,Junho
Terça,15/06/2021,Preventiva Romão Gomes + Pen. Fem. Santana + Pen. Fem. Capital,Diego,Trabalhado,HT2100DV,0,3,110,0,3,0,0,0,0,São Paulo,SP,0,0,0,35,3550308,2021,6,Junho
Quarta,16/06/2021,CDP Mogi das cruzes + Casa Encosta Norte,Diego,Trabalhado,HT2000GA,0,3,80,0,3,0,0,0,0,Mogi das Cruzes,SP,0,0,0,35,3530607,2021,6,Junho
Quinta,17/06/2021,Casa Ouro preto/ João do pulo + Casa nova vida/Paulista,Diego,Trabalhado,HT2000GA,0,2,70,0,2,0,0,0,0,São Paulo,SP,0,0,0,35,3550308,2021,6,Junho
Sexta,18/06/2021,Planejamento Preventivas todo estado SP,Bruno,Trabalhado,,1,0,0,0,0,0,0,0,0,São Paulo,SP,0,0,0,35,3550308,2021,6,Junho
Sábado,19/06/2021,Folga,0,Folga,,0,0,0,0,0,0,0,0,0,São Paulo,SP,0,0,0,35,3550308,2021,6,Junho
Domingo,20/06/2021,Folga,0,Folga,,0,0,0,0,0,0,0,0,0,São Paulo,SP,0,0,0,35,3550308,2021,6,Junho
Segunda,21/06/2021,relatório Cláudio planejamento + dúvida paulinele 100100 + remota Romão Gomes,Paulinele,Trabalhado,HT2100DV,2,1,0,0,0,1,0,0,0,São Paulo,SP,0,0,0,35,3550308,2021,6,Junho
Terça,22/06/2021,acompanhando teste laudo nr-10 fábrica.,Paulinele,Trabalhado,,1,0,120,0,0,0,0,0,0,Carapicuíba,SP,0,0,0,35,3510609,2021,6,Junho
Quarta,23/06/2021,acompanhando fábrica cliente Shefa (vendi a máquina) + PC paulinele fábrica,Paulinele,Trabalhado,,2,0,120,0,0,0,0,0,0,Carapicuíba,SP,0,0,0,35,3510609,2021,6,Junho
Quinta,24/06/2021,Treinamento Fábrica NR 35 (cancelado para apoiar Alex) + ajudar Alex praia no porto de Santos,Paulinele,Trabalhado,,2,0,180,0,0,0,0,0,0,Santos,SP,0,0,0,35,3548500,2021,6,Junho
Sexta,25/06/2021,Folga Plantão + Corretiva Franco da Rocha 2 ht,Paulinele,Trabalhado,HT2000GA,0,2,140,0,0,2,0,0,0,Franco da Rocha,SP,1,0,0,35,3516408,2021,6,Junho
Sábado,26/06/2021,Plantão,Plantão,Trabalhado,,1,0,0,0,0,0,0,0,0,São Paulo,SP,0,0,1,35,3550308,2021,6,Junho
Domingo,27/06/2021,Plantão,Plantão,Trabalhado,,1,0,0,0,0,0,0,0,0,São Paulo,SP,0,0,1,35,3550308,2021,6,Junho
Segunda,28/06/2021,Perícia Fábrica com Paulinele e Weberth,Paulinele,Trabalhado,,1,0,120,0,0,0,0,0,0,Carapicuíba,SP,0,0,0,35,3510609,2021,6,Junho
Terça,29/06/2021,Correios Vila Maria Inst e trein 01 CX100100D,Diego,Trabalhado,CX100100D,0,1,70,0,0,0,1,1,0,São Paulo,SP,0,0,0,35,3550308,2021,6,Junho
Quarta,30/06/2021,Fábrica + Despacho GRU,Diego,Trabalhado,,2,0,150,0,0,0,0,0,0,Carapicuíba,SP,0,0,0,35,3510609,2021,6,Junho
Quinta,01/07/2021,FS Alemoa Corretiva + Material Preventiva,Ranan,Trabalhado,FS6000,1,1,180,0,1,0,0,0,0,Santos,SP,0,0,0,35,3548500,2021,7,Julho
Sexta,02/07/2021,Remota HT Estancia-SE + Preparação preventiva FS Alemoa + Remota FS Itajaí,Paulinele,Trabalhado,FS6000,1,2,0,0,0,2,0,0,0,São Paulo,SP,0,0,0,35,3550308,2021,7,Julho
Sábado,03/07/2021,Preventiva FS Alemoa Com Alex Guarulhos,Ranan,Trabalhado,FS6000,0,1,220,0,1,0,0,0,0,Santos,SP,0,0,0,35,3548500,2021,7,Julho
Domingo,04/07/2021,Folga,0,Folga,,0,0,0,0,0,0,0,0,0,São Paulo,SP,0,0,0,35,3550308,2021,7,Julho
Segunda,05/07/2021,,0,Sem Atividade,,0,0,0,0,0,0,0,0,0,São Paulo,SP,0,0,0,35,3550308,2021,7,Julho
Terça,06/07/2021,,0,Sem Atividade,,0,0,0,0,0,0,0,0,0,São Paulo,SP,0,0,0,35,3550308,2021,7,Julho
Quarta,07/07/2021,Exame periódico + fotos TR2000DC,RH,Trabalhado,,2,0,60,0,0,0,0,0,0,São Paulo,SP,0,0,0,35,3550308,2021,7,Julho
Quinta,08/07/2021,,0,Sem Atividade,,0,0,0,0,0,0,0,0,0,São Paulo,SP,0,0,0,35,3550308,2021,7,Julho
Sexta,09/07/2021,Feriado em SP - Revolução Constitucionalista + Corretiva Mercado livre Guarulhos,Diego,Trabalhado,CX100100D,1,0,90,0,0,1,0,0,0,Guarulhos,SP,1,0,0,35,3518800,2021,7,Julho
Sábado,10/07/2021,Folga,0,Folga,,0,0,0,0,0,0,0,0,0,São Paulo,SP,0,0,0,35,3550308,2021,7,Julho
Domingo,11/07/2021,Folga,0,Folga,,0,0,0,0,0,0,0,0,0,São Paulo,SP,0,0,0,35,3550308,2021,7,Julho
Segunda,12/07/2021,Continuação Corretiva Mercado livre Guarulhos + Compra adaptador ML,Diego,Trabalhado,CX100100D,1,1,90,0,0,1,0,0,0,Guarulhos,SP,0,0,0,35,3518800,2021,7,Julho
Terça,13/07/2021,Ida CGH - SSA,Diego,Trabalhado,,1,0,80,1481,0,0,0,0,1,Lauro de Freitas,BA,0,0,0,29,2919207,2021,7,Julho
Quarta,14/07/2021,Integração + Instalação ML Lauro de Freitas,Diego,Trabalhado,CX100100D,1,1,60,0,0,0,1,0,1,Lauro de Freitas,BA,0,0,0,29,2919207,2021,7,Julho
Quinta,15/07/2021,Treinamento Operacional ML Lauro de Freitas,Diego,Trabalhado,CX100100D,1,0,60,0,0,0,0,1,1,Lauro de Freitas,BA,0,0,0,29,2919207,2021,7,Julho
Sexta,16/07/2021,acompanhamento da operação ML + Volta SSA - CGH,Diego,Trabalhado,,2,0,80,1481,0,0,0,1,1,Lauro de Freitas,BA,0,0,0,29,2919207,2021,7,Julho
Sábado,17/07/2021,Folga,0,Folga,,0,0,0,0,0,0,0,0,0,São Paulo,SP,0,0,0,35,3550308,2021,7,Julho
Domingo,18/07/2021,Folga + Corretiva Remota mercado livre Lauro de Freitas,0,Folga,CX100100D,0,1,0,0,0,1,0,0,0,São Paulo,SP,0,0,0,35,3550308,2021,7,Julho
Segunda,19/07/2021,Papelada,Bruno,Trabalhado,,1,0,0,0,0,0,0,0,0,São Paulo,SP,0,1,0,35,3550308,2021,7,Julho
Quarta,21/07/2021,,0,Sem Atividade,,0,0,0,0,0,0,0,0,0,São Paulo,SP,0,0,0,35,3550308,2021,7,Julho
Quinta,22/07/2021,remota cdp1 Guarulhos + cotação peças Itajaí,Ranan,Trabalhado,HT2000GA,1,1,0,0,0,1,0,0,0,São Paulo,SP,0,0,0,35,3550308,2021,7,Julho
Sexta,23/07/2021,Folga plantão + Retirada peças Itajaí,Ranan,Trabalhado,,1,0,120,0,0,0,0,0,0,São Paulo,SP,1,0,0,35,3550308,2021,7,Julho
Sábado,24/07/2021,Plantão,Plantão,Trabalhado,,1,0,0,0,0,0,0,0,0,São Paulo,SP,0,0,1,35,3550308,2021,7,Julho
Domingo,25/07/2021,Plantão,Plantão,Trabalhado,,1,0,0,0,0,0,0,0,0,São Paulo,SP,0,0,1,35,3550308,2021,7,Julho
Segunda,26/07/2021,Retirada peças Itajaí + remota ML VL Guilherme,Ranan,Trabalhado,CX100100D,1,1,120,0,0,1,0,0,0,São Paulo,SP,0,0,0,35,3550308,2021,7,Julho
Terça,27/07/2021,Apoio Hugo ML VL Guilherme,Bruno,Trabalhado,CX100100D,1,0,70,0,0,0,0,0,0,São Paulo,SP,0,0,0,35,3550308,2021,7,Julho
Quarta,28/07/2021,,0,Sem Atividade,,0,0,0,0,0,0,0,0,0,São Paulo,SP,0,0,0,35,3550308,2021,7,Julho
Quinta,29/07/2021,entrega peças Itajaí fábrica + Pegar Medidor radiação.,Ranan,Trabalhado,,2,0,0,0,0,0,0,0,0,Carapicuíba,SP,0,0,0,35,3510609,2021,7,Julho
Sexta,30/07/2021,,0,Sem Atividade,,0,0,0,0,0,0,0,0,0,São Paulo,SP,0,0,0,35,3550308,2021,7,Julho
Sábado,31/07/2021,Folga,0,Folga,,0,0,0,0,0,0,0,0,0,São Paulo,SP,0,0,0,35,3550308,2021,7,Julho
Domingo,01/08/2021,Ida GRU - AJU,Diego,Trabalhado,,1,0,70,1735,0,0,0,0,1,Aracajú,SE,0,0,0,28,2800308,2021,8,Agosto
Segunda,02/08/2021,Desinstalação Máquina antiga Aracaju Compajaf com Hugo,Diego,Trabalhado,HT2000GA,0,1,30,0,0,0,1,0,1,Aracajú,SE,0,0,0,28,2800308,2021,8,Agosto
Terça,03/08/2021,Logistica troca de máquinas + instalação Compajaf com Hugo e João,Diego,Trabalhado,HT2000GA,1,1,30,0,0,0,1,0,1,Aracajú,SE,0,0,0,28,2800308,2021,8,Agosto
Quarta,04/08/2021,Treinamento 2 turnos manhã e noite + levan. Rádio. Compajaf,Diego,Trabalhado,HT2000GA,2,0,30,0,0,0,0,1,1,Aracajú,SE,0,0,0,28,2800308,2021,8,Agosto
Quinta,05/08/2021,Treinamento 2 turnos manhã e noite + Corretiva Fórum N.S. Socorro,Paulinele,Trabalhado,CX5030T,2,1,60,0,0,1,0,1,1,Aracajú,SE,0,0,0,28,2800308,2021,8,Agosto
Sexta,06/08/2021,Documentação Compajaf,Diego,Trabalhado,CX5030T,1,0,0,0,0,0,0,0,1,Aracajú,SE,0,0,0,28,2800308,2021,8,Agosto
Sábado,07/08/2021,Folga,0,Folga,,0,0,0,0,0,0,0,0,1,Aracajú,SE,0,0,0,28,2800308,2021,8,Agosto
Domingo,08/08/2021,Folga,0,Folga,,0,0,0,0,0,0,0,0,1,Aracajú,SE,0,0,0,28,2800308,2021,8,Agosto
Segunda,09/08/2021,Preventivas TJSE + peça Forum N.S. Socorro,Paulinele,Trabalhado,CX5030T,0,4,40,0,1,0,0,0,1,Aracajú,SE,0,0,0,28,2800308,2021,8,Agosto
Terça,10/08/2021,Preventivas TJSE + Apoio fábrica para envio de placa correta,Paulinele,Trabalhado,CX5030T,1,3,40,0,1,0,0,0,1,Aracajú,SE,0,0,0,28,2800308,2021,8,Agosto
Quarta,11/08/2021,Troca placa e preventiva Fórum nossa senhora do socorro,Paulinele,Trabalhado,CX5030T,0,2,60,0,1,1,0,0,1,Aracajú,SE,0,0,0,28,2800308,2021,8,Agosto
Quinta,12/08/2021,Volta AJU - GRU,Paulinele,Trabalhado,,1,0,70,1735,0,0,0,0,1,Aracajú,SE,0,0,0,28,2800308,2021,8,Agosto
Sexta,13/08/2021,Papelada,Bruno,Trabalhado,,1,0,0,0,0,0,0,0,0,São Paulo,SP,0,1,0,35,3550308,2021,8,Agosto
Sábado,14/08/2021,Folga,0,Folga,,0,0,0,0,0,0,0,0,0,São Paulo,SP,0,0,0,35,3550308,2021,8,Agosto
Domingo,15/08/2021,Folga,0,Folga,,0,0,0,0,0,0,0,0,0,São Paulo,SP,0,0,0,35,3550308,2021,8,Agosto
Segunda,16/08/2021,Férias,0,Férias,,0,0,0,0,0,0,0,0,0,São Paulo,SP,0,0,0,35,3550308,2021,8,Agosto
Terça,17/08/2021,Férias,0,Férias,,0,0,0,0,0,0,0,0,0,São Paulo,SP,0,0,0,35,3550308,2021,8,Agosto
Quarta,18/08/2021,Férias,0,Férias,,0,0,0,0,0,0,0,0,0,São Paulo,SP,0,0,0,35,3550308,2021,8,Agosto
Quinta,19/08/2021,Férias,0,Férias,,0,0,0,0,0,0,0,0,0,São Paulo,SP,0,0,0,35,3550308,2021,8,Agosto
Sexta,20/08/2021,Férias,0,Férias,,0,0,0,0,0,0,0,0,0,São Paulo,SP,0,0,0,35,3550308,2021,8,Agosto
Sábado,21/08/2021,Férias,0,Férias,,0,0,0,0,0,0,0,0,0,São Paulo,SP,0,0,0,35,3550308,2021,8,Agosto
Domingo,22/08/2021,Férias,0,Férias,,0,0,0,0,0,0,0,0,0,São Paulo,SP,0,0,0,35,3550308,2021,8,Agosto
Segunda,23/08/2021,Férias,0,Férias,,0,0,0,0,0,0,0,0,0,São Paulo,SP,0,0,0,35,3550308,2021,8,Agosto
Terça,24/08/2021,Férias,0,Férias,,0,0,0,0,0,0,0,0,0,São Paulo,SP,0,0,0,35,3550308,2021,8,Agosto
Quarta,25/08/2021,Férias,0,Férias,,0,0,0,0,0,0,0,0,0,São Paulo,SP,0,0,0,35,3550308,2021,8,Agosto
Quinta,26/08/2021,Férias,0,Férias,,0,0,0,0,0,0,0,0,0,São Paulo,SP,0,0,0,35,3550308,2021,8,Agosto
Sexta,27/08/2021,Férias,0,Férias,,0,0,0,0,0,0,0,0,0,São Paulo,SP,0,0,0,35,3550308,2021,8,Agosto
Sábado,28/08/2021,Férias,0,Férias,,0,0,0,0,0,0,0,0,0,São Paulo,SP,0,0,0,35,3550308,2021,8,Agosto
Domingo,29/08/2021,Férias,0,Férias,,0,0,0,0,0,0,0,0,0,São Paulo,SP,0,0,0,35,3550308,2021,8,Agosto
Segunda,30/08/2021,Férias,0,Férias,,0,0,0,0,0,0,0,0,0,São Paulo,SP,0,0,0,35,3550308,2021,8,Agosto
Terça,31/08/2021,,0,Sem Atividade,,0,0,0,0,0,0,0,0,0,São Paulo,SP,0,0,0,35,3550308,2021,8,Agosto
Quarta,01/09/2021,2 corretiva HT Franco da Rocha,Ranan,Trabalhado,HT2000GA,0,2,140,0,0,2,0,0,0,Franco da Rocha,SP,0,0,0,35,3516408,2021,9,Setembro
Quinta,02/09/2021,Agendamento preventiva MX9080TB,Diego,Trabalhado,,1,0,0,0,0,0,0,0,0,São Paulo,SP,0,0,0,35,3550308,2021,9,Setembro
Sexta,03/09/2021,Medidor Jarbas + Corretiva FS Alemoa,Ranan,Trabalhado,FS6000,1,1,220,0,0,1,0,0,0,Santos,SP,0,0,0,35,3548500,2021,9,Setembro
Sábado,04/09/2021,Folga,0,Folga,,0,0,0,0,0,0,0,0,0,São Paulo,SP,0,0,0,35,3550308,2021,9,Setembro
Domingo,05/09/2021,Folga,0,Folga,,0,0,0,0,0,0,0,0,0,São Paulo,SP,0,0,0,35,3550308,2021,9,Setembro
Segunda,06/09/2021,,0,Sem Atividade,,0,0,0,0,0,0,0,0,0,São Paulo,SP,0,0,0,35,3550308,2021,9,Setembro
Terça,07/09/2021,Independência,0,Feriado,,0,0,0,0,0,0,0,0,0,São Paulo,SP,0,0,0,35,3550308,2021,9,Setembro
Quarta,08/09/2021,Preventiva MX9080TB - Guarulhos com Rogério,Diego,Trabalhado,MX9080TB,0,1,100,0,1,0,0,0,0,Guarulhos,SP,0,0,0,35,3518800,2021,9,Setembro
Quinta,09/09/2021,agendamento preventiva SSP e Romão Gomes,Diego,Trabalhado,,2,0,0,0,0,0,0,0,0,São Paulo,SP,0,0,0,35,3550308,2021,9,Setembro
Sexta,10/09/2021,,0,Sem Atividade,,0,0,0,0,0,0,0,0,0,São Paulo,SP,0,0,0,35,3550308,2021,9,Setembro
Sábado,11/09/2021,Folga,0,Folga,,0,0,0,0,0,0,0,0,0,São Paulo,SP,0,0,0,35,3550308,2021,9,Setembro
Domingo,12/09/2021,Folga,0,Folga,,0,0,0,0,0,0,0,0,0,São Paulo,SP,0,0,0,35,3550308,2021,9,Setembro
Segunda,13/09/2021,,0,Sem Atividade,,0,0,0,0,0,0,0,0,0,São Paulo,SP,0,0,0,35,3550308,2021,9,Setembro
Terça,14/09/2021,,0,Sem Atividade,,0,0,0,0,0,0,0,0,0,São Paulo,SP,0,0,0,35,3550308,2021,9,Setembro
Quarta,15/09/2021,preventiva SSP e Romão Gomes + remota correios Natal,Diego,Trabalhado,HT2100DV,0,3,90,0,2,1,0,0,0,São Paulo,SP,0,0,0,35,3550308,2021,9,Setembro
Quinta,16/09/2021,Agendamento Corretiva Tecon Santos,Diego,Trabalhado,,1,0,0,0,0,0,0,0,0,São Paulo,SP,0,0,0,35,3550308,2021,9,Setembro
Sexta,17/09/2021,Folga Plantão,0,Folga Plantão,,0,0,0,0,0,0,0,0,0,São Paulo,SP,0,0,0,35,3550308,2021,9,Setembro
Sábado,18/09/2021,Plantão,Plantão,Trabalhado,,1,0,0,0,0,0,0,0,0,São Paulo,SP,0,0,1,35,3550308,2021,9,Setembro
Domingo,19/09/2021,Plantão,Plantão,Trabalhado,,1,0,0,0,0,0,0,0,0,São Paulo,SP,0,0,1,35,3550308,2021,9,Setembro
Segunda,20/09/2021,Corretiva Tecon Santos CX150180SI,Diego,Trabalhado,CX150180SI,0,1,180,0,0,1,0,0,0,Santos,SP,0,0,0,35,3548500,2021,9,Setembro
Terça,21/09/2021,Papelada,Bruno,Trabalhado,,1,0,0,0,0,0,0,0,0,São Paulo,SP,0,1,0,35,3550308,2021,9,Setembro
Quarta,22/09/2021,Ida GRU - SSA + Vistoria TRE BA - 2 6040,Diego,Trabalhado,CX6040BI,1,2,80,1475,0,2,0,0,1,Salvador,BA,0,0,0,29,2927408,2021,9,Setembro
Quinta,23/09/2021,remota correios Acre + Volta SSA - GRU,Diego,Trabalhado,CX100100D,1,1,80,1475,0,1,0,0,1,Salvador,BA,0,0,0,29,2927408,2021,9,Setembro
Sexta,24/09/2021,Imagens correios cocaína Cláudio/Diego,Diego,Trabalhado,,1,0,0,0,0,0,0,0,0,São Paulo,SP,0,0,0,35,3550308,2021,9,Setembro
Sábado,25/09/2021,Folga,0,Folga,,0,0,0,0,0,0,0,0,0,São Paulo,SP,0,0,0,35,3550308,2021,9,Setembro
Domingo,26/09/2021,Folga,0,Folga,,0,0,0,0,0,0,0,0,0,São Paulo,SP,0,0,0,35,3550308,2021,9,Setembro
Segunda,27/09/2021,Despacho peças GRU + papelada fábrica,Ranan,Trabalhado,,2,0,120,0,0,0,0,0,0,Guarulhos,SP,0,1,0,35,3518800,2021,9,Setembro
Terça,28/09/2021,Alinhamento visita Correios Leopoldina,Diego,Trabalhado,,1,0,0,0,0,0,0,0,0,São Paulo,SP,0,0,0,35,3550308,2021,9,Setembro
Quarta,29/09/2021,Reunião RH/Cláudio,Claudio,Trabalhado,,1,0,0,0,0,0,0,0,0,São Paulo,SP,0,0,0,35,3550308,2021,9,Setembro
Quinta,30/09/2021,,0,Sem Atividade,,0,0,0,0,0,0,0,0,0,São Paulo,SP,0,0,0,35,3550308,2021,9,Setembro
Sexta,01/10/2021,,0,Sem Atividade,,0,0,0,0,0,0,0,0,0,São Paulo,SP,0,0,0,35,3550308,2021,10,Outubro
Sábado,02/10/2021,Folga,0,Folga,,0,0,0,0,0,0,0,0,0,São Paulo,SP,0,0,0,35,3550308,2021,10,Outubro
Domingo,03/10/2021,Folga,0,Folga,,0,0,0,0,0,0,0,0,0,São Paulo,SP,0,0,0,35,3550308,2021,10,Outubro
Segunda,04/10/2021,,0,Sem Atividade,,0,0,0,0,0,0,0,0,0,São Paulo,SP,0,0,0,35,3550308,2021,10,Outubro
Terça,05/10/2021,Corretiva FS Alemoa,Ranan,Trabalhado,FS6000,0,1,180,0,0,1,0,0,0,Santos,SP,0,0,0,35,3548500,2021,10,Outubro
Quarta,06/10/2021,fábrica + Reunião Correios,Diego,Trabalhado,,2,0,120,0,0,0,0,0,0,Carapicuíba,SP,0,0,0,35,3510609,2021,10,Outubro
Quinta,07/10/2021,Fábrica + ata reunião,Diego,Trabalhado,,2,0,120,0,0,0,0,0,0,Carapicuíba,SP,0,0,0,35,3510609,2021,10,Outubro
Sexta,08/10/2021,Agendamento Corretiva Fórum Macapá,Diego,Trabalhado,,1,0,0,0,0,0,0,0,0,São Paulo,SP,0,0,0,35,3550308,2021,10,Outubro
Sábado,09/10/2021,Folga,0,Folga,,0,0,0,0,0,0,0,0,0,São Paulo,SP,0,0,0,35,3550308,2021,10,Outubro
Domingo,10/10/2021,Folga,0,Folga,,0,0,0,0,0,0,0,0,0,São Paulo,SP,0,0,0,35,3550308,2021,10,Outubro
Segunda,11/10/2021,,0,Sem Atividade,,0,0,0,0,0,0,0,0,0,São Paulo,SP,0,0,0,35,3550308,2021,10,Outubro
Terça,12/10/2021,Nossa senhora Aparecida,0,Feriado,,0,0,0,0,0,0,0,0,0,São Paulo,SP,0,0,0,35,3550308,2021,10,Outubro
Quarta,13/10/2021,Ida GRU - BSB - MCP + Reunião RH,Diego,Trabalhado,,2,0,70,2680,0,0,0,0,1,Macapá,AP,0,0,0,16,1600303,2021,10,Outubro
Quinta,14/10/2021,Atendimento Fórum Macapá,Diego,Trabalhado,CX5030T,0,1,30,0,0,1,0,0,1,Macapá,AP,0,0,0,16,1600303,2021,10,Outubro
Sexta,15/10/2021,Folga Plantão + atendimento Fórum Macapá + retorno MCP - BSB - GIG - GRU,Diego,Trabalhado,CX5030T,2,0,70,3138,0,0,0,0,1,Macapá,AP,1,0,0,16,1600303,2021,10,Outubro
Sábado,16/10/2021,Plantão,Plantão,Trabalhado,,1,0,0,0,0,0,0,0,0,São Paulo,SP,0,0,1,35,3550308,2021,10,Outubro
Domingo,17/10/2021,FS Itajaí Remota + Romão Gomes Corretiva + Plantão,Paulinele,Trabalhado,HT2100DV,0,2,90,0,0,2,0,0,0,São Paulo,SP,0,0,1,35,3550308,2021,10,Outubro
Segunda,18/10/2021,,0,Sem Atividade,,0,0,0,0,0,0,0,0,0,São Paulo,SP,0,0,0,35,3550308,2021,10,Outubro
Terça,19/10/2021,Papelada + Remota correios Natal,Bruno,Trabalhado,CX100100D,1,1,0,0,0,1,0,0,0,São Paulo,SP,0,1,0,35,3550308,2021,10,Outubro
Quarta,20/10/2021,escritório coleta equip. licitação + fábrica (Ranan) + identificar peça + despacho Guarulhos,Ranan,Trabalhado,,4,0,150,0,0,0,0,0,0,Carapicuíba,SP,0,0,0,35,3510609,2021,10,Outubro
Quinta,21/10/2021,entrega equipamento para Diego em Guarulhos,Diego,Trabalhado,,1,0,150,0,0,0,0,0,0,Guarulhos,SP,0,0,0,35,3518800,2021,10,Outubro
Sexta,22/10/2021,alinhamento envio peças Joinville com Fabiana,Paulinele,Trabalhado,,1,0,0,0,0,0,0,0,0,São Paulo,SP,0,0,0,35,3550308,2021,10,Outubro
Sábado,23/10/2021,Folga + Remota Romão Gomes,0,Folga,HT2100DV,0,1,0,0,0,1,0,0,0,São Paulo,SP,0,0,0,35,3550308,2021,10,Outubro
Domingo,24/10/2021,Folga,0,Folga,,0,0,0,0,0,0,0,0,0,São Paulo,SP,0,0,0,35,3550308,2021,10,Outubro
Segunda,25/10/2021,Voo Ida GRU - XAP,Paulinele,Trabalhado,,1,0,70,746,0,0,0,0,1,Chapecó,SC,0,0,0,42,4204202,2021,10,Outubro
Terça,26/10/2021,Vistoria Presídio Chapecó + Voo Ida XAP - VCP - FLN,Paulinele,Trabalhado,CX6040BI,1,1,30,1268,0,1,0,0,1,Chapecó,SC,0,0,0,42,4204202,2021,10,Outubro
Quarta,27/10/2021,Vistoria Tijucas + Corretiva e Vistoria em Florianópolis,Paulinele,Trabalhado,CX6040BI,0,3,100,0,0,3,0,0,1,Florianopolis,SC,0,0,0,42,4205407,2021,10,Outubro
Quinta,28/10/2021,Vistoria Tubarão + Retirada peça Itajaí + Preventiva Florianópolis,Paulinele,Trabalhado,CX6040BI,0,3,462,0,1,2,0,0,1,Tubarão,SC,0,0,0,42,4218707,2021,10,Outubro
Sexta,29/10/2021,vôo volta FLN - GRU,Paulinele,Trabalhado,,1,0,80,515,0,0,0,0,1,Florianopolis,SC,0,0,0,42,4205407,2021,10,Outubro
Sábado,30/10/2021,Folga,0,Folga,,0,0,0,0,0,0,0,0,0,São Paulo,SP,0,0,0,35,3550308,2021,10,Outubro
Domingo,31/10/2021,Folga,0,Folga,,0,0,0,0,0,0,0,0,0,São Paulo,SP,0,0,0,35,3550308,2021,10,Outubro
Segunda,01/11/2021,Papelada,Bruno,Trabalhado,,1,0,0,0,0,0,0,0,0,São Paulo,SP,0,1,0,35,3550308,2021,11,Novembro
Terça,02/11/2021,Finados,0,Feriado,,0,0,0,0,0,0,0,0,0,São Paulo,SP,0,0,0,35,3550308,2021,11,Novembro
Quarta,03/11/2021,Corretiva e preventiva CDP Santo André,Paulinele,Trabalhado,HT2000GA,0,2,80,0,1,1,0,0,0,Santo André,SP,0,0,0,35,3547809,2021,11,Novembro
Quinta,04/11/2021,alinhamento viagem são Luiz / MA,Paulinele,Trabalhado,,1,0,0,0,0,0,0,0,0,São Paulo,SP,0,0,0,35,3550308,2021,11,Novembro
Sexta,05/11/2021,Preventiva FS Alemoa,Ranan,Trabalhado,FS6000,0,1,180,0,1,0,0,0,0,Santos,SP,0,0,0,35,3548500,2021,11,Novembro
Sábado,06/11/2021,Folga,0,Folga,,0,0,0,0,0,0,0,0,0,São Paulo,SP,0,0,0,35,3550308,2021,11,Novembro
Domingo,07/11/2021,Folga,0,Folga,,0,0,0,0,0,0,0,0,0,São Paulo,SP,0,0,0,35,3550308,2021,11,Novembro
Segunda,08/11/2021,Ida GRU - SLZ + retirada no break São Luís + apoio Alex Guarulhos,Paulinele,Trabalhado,,3,0,70,2330,0,0,0,0,1,São Luis,MA,0,0,0,21,2111300,2021,11,Novembro
Terça,09/11/2021,Treinamento correios + apoio Sérgio + OS's Chapecó p/ Paulinele,Paulinele,Trabalhado,CX100100D,2,1,30,0,0,1,0,1,1,São Luis,MA,0,0,0,21,2111300,2021,11,Novembro
Quarta,10/11/2021,Treinamento correios + Corretiva CX10080TI Presídio regional são Luiz,Paulinele,Trabalhado,CX10080TI,1,1,40,0,0,1,0,1,1,São Luis,MA,0,0,0,21,2111300,2021,11,Novembro
Quinta,11/11/2021,Treinamento correios + Remota correios Leopoldina,Paulinele,Trabalhado,CX100100D,1,1,30,0,0,1,0,1,1,São Luis,MA,0,0,0,21,2111300,2021,11,Novembro
Sexta,12/11/2021,Final treinamento Correios + retirada peças Gollog + atendimento Zé doca,Paulinele,Trabalhado,CX100100D,2,1,315,0,0,1,0,1,1,São Luis,MA,0,0,0,21,2111300,2021,11,Novembro
Sábado,13/11/2021,Ida Zé doca até pres Dutra + corretiva Pres. Dutra,Paulinele,Trabalhado,CX6040BI,1,1,345,0,0,1,0,0,1,Zé Doca,MA,0,0,0,21,2114007,2021,11,Novembro
Domingo,14/11/2021,Corretiva Colinas,Paulinele,Trabalhado,CX6040BI,0,1,200,0,0,1,0,0,1,Colinas,MA,0,0,0,21,2103505,2021,11,Novembro
Segunda,15/11/2021,Feriado proclamação da República + Pres Dutra até são Luis,Paulinele,Trabalhado,,1,0,355,0,0,0,0,0,1,Presidente Dutra,MA,1,0,0,21,2109106,2021,11,Novembro
Terça,16/11/2021,Despacho peças usadas para SP + Voo volta SLZ - GRU,Paulinele,Trabalhado,,2,0,70,2330,0,0,0,0,1,São Luis,MA,0,0,0,21,2111300,2021,11,Novembro
Quarta,17/11/2021,Instalação Casa JD Luiz 2 + Papelada escritório,Diego,Trabalhado,HT2000GA,1,1,140,0,0,0,1,0,0,São Paulo,SP,0,1,0,35,3550308,2021,11,Novembro
Quinta,18/11/2021,Instalação Casa JD Luis 2 + instalação Casa Osasco 2 + remota correios são Luis + remota etd GRU,Diego,Trabalhado,HT2000GA,1,3,160,0,0,2,1,0,0,Osasco,SP,0,0,0,35,3534401,2021,11,Novembro
Sexta,19/11/2021,Instalação Casa Osasco 2 + Credenciamento Guarulhos,Diego,Trabalhado,HT2000GA,1,1,180,0,0,0,1,0,0,Guarulhos,SP,0,0,0,35,3518800,2021,11,Novembro
Sábado,20/11/2021,Consciencia Negra,0,Feriado,,0,0,0,0,0,0,0,0,0,São Paulo,SP,0,0,0,35,3550308,2021,11,Novembro
Domingo,21/11/2021,Folga,0,Folga,,0,0,0,0,0,0,0,0,0,São Paulo,SP,0,0,0,35,3550308,2021,11,Novembro
Segunda,22/11/2021,Treinamento Casa Osasco 2 + corretiva Casa santo André,Diego,Trabalhado,HT2000GA,1,1,140,0,0,1,0,1,0,Santo André,SP,0,0,0,35,3547809,2021,11,Novembro
Terça,23/11/2021,Treinamento Casa Osasco 2 + Preventiva Kylin GRU,Diego,Trabalhado,Kylin,2,0,100,0,1,0,0,1,0,Guarulhos,SP,0,0,0,35,3518800,2021,11,Novembro
Quarta,24/11/2021,Operação assistida Casa Osasco 2,Diego,Trabalhado,HT2000GA,0,1,140,0,0,0,0,1,0,Osasco,SP,0,0,0,35,3534401,2021,11,Novembro
Quinta,25/11/2021,Operação assistida Casa Osasco 2 + preventiva Potim p1 e p2,Diego,Trabalhado,HT2000GA,1,2,345,0,2,0,0,1,0,Potim,SP,0,0,0,35,3540754,2021,11,Novembro
Sexta,26/11/2021,Operação assistida Casa Osasco 2 + Kylin GRU,Diego,Trabalhado,Kylin,2,0,100,0,0,0,0,1,0,Guarulhos,SP,0,0,0,35,3518800,2021,11,Novembro
Sábado,27/11/2021,Operação assistida Casa Osasco 2 dia de visita,Diego,Trabalhado,HT2000GA,2,0,140,0,0,0,0,1,0,Osasco,SP,0,0,0,35,3534401,2021,11,Novembro
Domingo,28/11/2021,Operação assistida Casa Osasco 2 + Kylin GRU,Diego,Trabalhado,Kylin,2,0,100,0,0,0,0,1,0,Guarulhos,SP,0,0,0,35,3518800,2021,11,Novembro
Segunda,29/11/2021,Kylin GRU + papelada escritório + remota FS Itajaí,Diego,Trabalhado,Kylin,2,1,100,0,0,1,0,0,0,Guarulhos,SP,0,1,0,35,3518800,2021,11,Novembro
Terça,30/11/2021,CDP Suzano prev. 2HT e corre. 1HT+ CDP Mogi das cruzes Prev. 2HT e corre. 1HT + CDP S.J.C. prev. 1HT corre. 1HT + Remota correios Natal,Diego,Trabalhado,HT2000GA,0,8,200,0,4,4,0,0,0,São José dos Campos,SP,0,0,0,35,3549904,2021,11,Novembro
Quarta,01/12/2021,Kylin GRU + remota correios Natal,Diego,Trabalhado,Kylin,1,1,100,0,0,1,0,0,0,Guarulhos,SP,0,0,0,35,3518800,2021,12,Dezembro
Quinta,02/12/2021,Preventivas SAP Complexo Tremembé 7 HT 7 Prev. 3 corre.,Diego,Trabalhado,HT2000GA,0,10,260,0,7,3,0,0,0,Taubaté,SP,0,0,0,35,3554102,2021,12,Dezembro
Sexta,03/12/2021,Kylin GRU,Diego,Trabalhado,Kylin,1,0,100,0,0,0,0,0,0,Guarulhos,SP,0,0,0,35,3518800,2021,12,Dezembro
Sábado,04/12/2021,Folga,0,Folga,,0,0,0,0,0,0,0,0,0,São Paulo,SP,0,0,0,35,3550308,2021,12,Dezembro
Domingo,05/12/2021,Kylin GRU,Diego,Trabalhado,Kylin,1,0,100,0,0,0,0,0,0,Guarulhos,SP,0,0,0,35,3518800,2021,12,Dezembro
Segunda,06/12/2021,Prev. CDP Suzano 2ht - CDP Mogi das cruzes 2ht - CDP S.J.C. 1ht,Diego,Trabalhado,HT2000GA,0,5,190,0,5,0,0,0,0,São José dos Campos,SP,0,0,0,35,3549904,2021,12,Dezembro
Terça,07/12/2021,Prev. Potim 2ht + peça na fábrica,Diego,Trabalhado,HT2000GA,1,2,420,0,2,0,0,0,0,Potim,SP,0,0,0,35,3540754,2021,12,Dezembro
Quarta,08/12/2021,Ida GRU - MCP,Diego,Trabalhado,,1,0,70,2680,0,0,0,0,1,Macapa,AP,0,0,0,16,1600303,2021,12,Dezembro
Quinta,09/12/2021,Corretiva Justiça Trabalho Macapá + ida MCP - MAO,Diego,Trabalhado,CX6040BI,1,1,30,1051,0,1,0,0,1,Macapa,AP,0,0,0,16,1600303,2021,12,Dezembro
Sexta,10/12/2021,retirada peça latam cargo + corretiva correios Manaus + agendamento Infraero Manaus,Diego,Trabalhado,CX100100D,2,1,40,0,0,1,0,0,1,Manaus,AM,0,0,0,13,1302603,2021,12,Dezembro
Sábado,11/12/2021,Corretiva Infraero Manaus,Paulinele,Trabalhado,CX6040BI,0,1,40,0,0,1,0,0,1,Manaus,AM,0,0,0,13,1302603,2021,12,Dezembro
Domingo,12/12/2021,Folga + Voo retorno MAO - GRU,Diego,Trabalhado,,1,0,80,2740,0,0,0,0,1,Manaus,AM,1,0,0,13,1302603,2021,12,Dezembro
Segunda,13/12/2021,Ida GRU - ARU + Treinamento Casa Araçá,Diego,Trabalhado,HT2000GA,2,0,30,0,0,0,0,1,1,Araçatuba,SP,0,0,0,35,3502804,2021,12,Dezembro
Terça,14/12/2021,volta ARU - GRU,Diego,Trabalhado,,1,0,60,480,0,0,0,0,1,Araçatuba,SP,0,0,0,35,3502804,2021,12,Dezembro
Quarta,15/12/2021,papelada escritório + Correios Leopoldina com Paulinele,Paulinele,Trabalhado,CX100100D,1,1,120,0,0,0,0,0,0,São Paulo,SP,0,1,0,35,3550308,2021,12,Dezembro
Quinta,16/12/2021,Correios Leopoldina Paulinele + Despacho Gollog + Material Fábrica,Paulinele,Trabalhado,CX100100D,3,0,160,0,0,0,0,0,0,Carapicuíba,SP,0,0,0,35,3510609,2021,12,Dezembro
Sexta,17/12/2021,Correios Leopoldina Paulinele,Paulinele,Trabalhado,CX100100D,1,0,100,0,0,0,0,0,0,São Paulo,SP,0,0,0,35,3550308,2021,12,Dezembro
Sábado,18/12/2021,Folga,0,Folga,,0,0,0,0,0,0,0,0,0,São Paulo,SP,0,0,0,35,3550308,2021,12,Dezembro
Domingo,19/12/2021,Folga,0,Folga,,0,0,0,0,0,0,0,0,0,São Paulo,SP,0,0,0,35,3550308,2021,12,Dezembro
Segunda,20/12/2021,,0,Sem Atividade,,0,0,0,0,0,0,0,0,0,São Paulo,SP,0,0,0,35,3550308,2021,12,Dezembro
Terça,21/12/2021,,0,Sem Atividade,,0,0,0,0,0,0,0,0,0,São Paulo,SP,0,0,0,35,3550308,2021,12,Dezembro
Quarta,22/12/2021,Treinamento fábrica coloração linha CX + retirada peças,Paulinele,Trabalhado,,2,0,120,0,0,0,0,1,0,Carapicuíba,SP,0,0,0,35,3510609,2021,12,Dezembro
Quinta,23/12/2021,Despacho peças correios,Paulinele,Trabalhado,,1,0,120,0,0,0,0,0,0,São Paulo,SP,0,0,0,35,3550308,2021,12,Dezembro
Sexta,24/12/2021,Véspera Natal,0,Feriado,,0,0,0,0,0,0,0,0,0,São Paulo,SP,0,0,0,35,3550308,2021,12,Dezembro
Sábado,25/12/2021,Natal,0,Feriado,,0,0,0,0,0,0,0,0,0,São Paulo,SP,0,0,0,35,3550308,2021,12,Dezembro
Domingo,26/12/2021,Folga,0,Folga,,0,0,0,0,0,0,0,0,0,São Paulo,SP,0,0,0,35,3550308,2021,12,Dezembro
Segunda,27/12/2021,,0,Sem Atividade,,0,0,0,0,0,0,0,0,0,São Paulo,SP,0,0,0,35,3550308,2021,12,Dezembro
Terça,28/12/2021,Remota correios Natal,Bruno,Trabalhado,CX100100D,0,1,0,0,0,1,0,0,0,São Paulo,SP,0,0,0,35,3550308,2021,12,Dezembro
Quarta,29/12/2021,Corretiva Romão Gomes + Suporte Sérgio,Paulinele,Trabalhado,HT2100DV,1,1,90,0,0,1,0,0,0,São Paulo,SP,0,0,0,35,3550308,2021,12,Dezembro
Quinta,30/12/2021,Kylin GRU,Diego,Trabalhado,Kylin,1,0,100,0,0,0,0,0,0,Guarulhos,SP,0,0,0,35,3518800,2021,12,Dezembro
Sexta,31/12/2021,Véspera Ano Novo,0,Feriado,,0,0,0,0,0,0,0,0,0,São Paulo,SP,0,0,0,35,3550308,2021,12,Dezembro
sábado,01/01/2022,Ano Novo,0,Feriado,,0,0,0,0,0,0,0,0,0,São Paulo,SP,0,0,0,35,3550308,2022,1,Janeiro
Domingo,02/01/2022,Folga,0,Folga,,0,0,0,0,0,0,0,0,0,São Paulo,SP,0,0,0,35,3550308,2022,1,Janeiro
Segunda,03/01/2022,Kylin GRU,Diego,Trabalhado,Kylin,1,0,100,0,0,0,0,0,0,Guarulhos,SP,0,0,0,35,3518800,2022,1,Janeiro
Terça,04/01/2022,Prev. SAP - Suzano 2ht - Mogi 2ht + corretiva/preventiva CDP Taubaté 2ht + ida emergência GRU - FOR  MCB MT fortaleza,Diego,Trabalhado,MT1213,1,8,260,2357,6,2,0,0,1,Fortaleza,CE,0,0,0,23,2304400,2022,1,Janeiro
Quarta,05/01/2022,volta FOR - GRU + remota Romão Gomes,Paulinele,Trabalhado,MT1213,1,1,70,2357,0,1,0,0,1,Fortaleza,CE,0,0,0,23,2304400,2022,1,Janeiro
Quinta,06/01/2022,Corretiva e preventiva Romão Gomes + papéis Jarbas + papelada escritório,Paulinele,Trabalhado,HT2100DV,2,2,150,0,1,1,0,0,0,São Paulo,SP,0,1,0,35,3550308,2022,1,Janeiro
Sexta,07/01/2022,Ida GRU - NVT,Ranan,Trabalhado,,1,0,90,442,0,0,0,0,1,Itajai,SC,0,0,0,42,4208203,2022,1,Janeiro
sábado,08/01/2022,compra de materiais da preventiva FS Itajaí,Ranan,Trabalhado,FS6000,1,0,20,0,0,0,0,0,1,Itajai,SC,0,0,0,42,4208203,2022,1,Janeiro
Domingo,09/01/2022,preventiva FS Itajaí - corretiva itajai,Ranan,Trabalhado,FS6000,1,1,20,0,1,1,0,0,1,Itajai,SC,0,0,0,42,4208203,2022,1,Janeiro
Segunda,10/01/2022,recabeamento cabine FS sem parada,Ranan,Trabalhado,FS6000,1,0,10,0,0,0,0,0,1,Itajai,SC,0,0,0,42,4208203,2022,1,Janeiro
Terça,11/01/2022,Assinatura OS Preventiva Itajaí + compra e substituição teclado sala operação + Corretiva Itajaí (software cis),Ranan,Trabalhado,FS6000,2,1,20,0,1,1,0,0,1,Itajai,SC,0,0,0,42,4208203,2022,1,Janeiro
Quarta,12/01/2022,Corretiva PC RM Itajaí,Ranan,Trabalhado,FS6000,1,0,20,0,0,1,0,0,1,Itajai,SC,0,0,0,42,4208203,2022,1,Janeiro
Quinta,13/01/2022,Retorno NVT - GRU,Ranan,Trabalhado,,1,0,90,442,0,0,0,0,1,Itajai,SC,0,0,0,42,4208203,2022,1,Janeiro
Sexta,14/01/2022,Folga Plantão + Preventiva SSP + papelada escritório + corretiva e preventiva Casa Terra Nova,Diego,Trabalhado,HT2000GA,2,3,100,0,2,1,0,0,0,Itaquaquecetuba,SP,1,1,0,35,3523107,2022,1,Janeiro
sábado,15/01/2022,Plantão + Kylin GRU,Diego,Trabalhado,Kylin,1,0,100,0,0,0,0,0,0,Guarulhos,SP,0,0,1,35,3518800,2022,1,Janeiro
Domingo,16/01/2022,Plantão,Plantão,Trabalhado,,1,0,0,0,0,0,0,0,0,São Paulo,SP,0,0,1,35,3550308,2022,1,Janeiro
Segunda,17/01/2022,Preventivas SAP:  p1 Tremembé 1 HT  + p1 e p2 Potim 2 HT + P2 Fem Tremembé corretiva e preventiva 1 HT,Diego,Trabalhado,HT2000GA,0,5,220,0,4,1,0,0,1,Taubaté,SP,0,0,0,35,3554102,2022,1,Janeiro
Terça,18/01/2022,Preventivas SAP: p1 fem Tremembé 1 HT + P2 Masc Tremembé 1 HT + CPP Tremembé 1 HT + CDP S.J.C. 1HT,Diego,Trabalhado,HT2000GA,0,4,220,0,4,0,0,0,1,Taubaté,SP,0,0,0,35,3554102,2022,1,Janeiro
Quarta,19/01/2022,Kylin GRU,Diego,Trabalhado,Kylin,1,0,100,0,0,0,0,0,0,Guarulhos,SP,0,0,0,35,3518800,2022,1,Janeiro
Quinta,20/01/2022,Preventiva Ministério Fazenda 2 6040,Diego,Trabalhado,CX6040BI,0,2,60,0,2,0,0,0,0,São Paulo,SP,0,0,0,35,3550308,2022,1,Janeiro
Sexta,21/01/2022,,0,Sem Atividade,,0,0,0,0,0,0,0,0,0,São Paulo,SP,0,0,0,35,3550308,2022,1,Janeiro
sábado,22/01/2022,Folga,0,Folga,,0,0,0,0,0,0,0,0,0,São Paulo,SP,0,0,0,35,3550308,2022,1,Janeiro
Domingo,23/01/2022,Kylin GRU,Diego,Trabalhado,Kylin,1,0,100,0,0,0,0,0,0,Guarulhos,SP,0,0,0,35,3518800,2022,1,Janeiro
Segunda,24/01/2022,Corretiva Casa Guarulhos,Diego,Trabalhado,HT2000GA,0,1,50,0,0,1,0,0,0,Guarulhos,SP,0,0,0,35,3518800,2022,1,Janeiro
Terça,25/01/2022,Feriado Aniversário SP + Entrada negada palácio bandeirantes e Cidade 1 CPOS,Diego,Trabalhado,,2,0,90,0,0,0,0,0,0,São Paulo,SP,1,0,0,35,3550308,2022,1,Janeiro
Quarta,26/01/2022,Correios Leopoldina + Paulinele aeroporto,Paulinele,Trabalhado,CX100100D,2,0,150,0,0,0,0,0,0,São Paulo,SP,0,0,0,35,3550308,2022,1,Janeiro
Quinta,27/01/2022,Kylin GRU,Diego,Trabalhado,Kylin,1,0,100,0,0,0,0,0,0,Guarulhos,SP,0,0,0,35,3518800,2022,1,Janeiro
Sexta,28/01/2022,Folga plantão + Preventiva Cidade 1 e 2 - 2 cx5030 + ida GRU - FOR,Diego,Trabalhado,MT1213,1,2,130,2357,2,0,0,0,1,Fortaleza,CE,1,0,0,23,2304400,2022,1,Janeiro
sábado,29/01/2022,Plantão + Corretiva MT1213 Docas Ceará madrugada e dia,Ranan,Trabalhado,MT1213,0,1,30,0,0,1,0,0,1,Fortaleza,CE,0,0,1,23,2304400,2022,1,Janeiro
Domingo,30/01/2022,Plantão,Plantão,Trabalhado,MT1213,1,0,30,0,0,0,0,0,1,Fortaleza,CE,0,0,1,23,2304400,2022,1,Janeiro
Segunda,31/01/2022,Docas Ceará,Ranan,Trabalhado,MT1213,0,1,30,0,0,0,0,0,1,Fortaleza,CE,0,0,0,23,2304400,2022,1,Janeiro
Terça,01/02/2022,Docas Ceará,Ranan,Trabalhado,MT1213,1,0,30,0,0,0,0,0,1,Fortaleza,CE,0,0,0,23,2304400,2022,2,Fevereiro
Quarta,02/02/2022,Docas Ceará,Ranan,Trabalhado,MT1213,1,0,30,0,0,0,0,0,1,Fortaleza,CE,0,0,0,23,2304400,2022,2,Fevereiro
Quinta,03/02/2022,Docas Ceará + remota correios Leopoldina,Ranan,Trabalhado,MT1213,1,1,30,0,0,1,0,0,1,Fortaleza,CE,0,0,0,23,2304400,2022,2,Fevereiro
Sexta,04/02/2022,Volta FOR - GRU,Ranan,Trabalhado,MT1213,1,0,70,2357,0,0,0,0,1,Fortaleza,CE,0,0,0,23,2304400,2022,2,Fevereiro
Sábado,05/02/2022,Folga,0,Folga,,0,0,0,0,0,0,0,0,0,São Paulo,SP,0,0,0,35,3550308,2022,2,Fevereiro
Domingo,06/02/2022,Folga,0,Folga,,0,0,0,0,0,0,0,0,0,São Paulo,SP,0,0,0,35,3550308,2022,2,Fevereiro
Segunda,07/02/2022,Preventivas SAP - Potim 2HT,Diego,Trabalhado,HT2000GA,0,2,350,0,2,0,0,0,0,Potim,SP,0,0,0,35,3540754,2022,2,Fevereiro
Terça,08/02/2022,Kylin GRU,Diego,Trabalhado,Kylin,1,0,99,0,0,0,0,0,0,Guarulhos,SP,0,0,0,35,3518800,2022,2,Fevereiro
Quarta,09/02/2022,Treinamento Fábrica,Claudio,Trabalhado,,1,0,120,0,0,0,0,1,0,Carapicuíba,SP,0,0,0,35,3510609,2022,2,Fevereiro
Quinta,10/02/2022,Preventivas SAP - SJC 1 HT - Mogi das cruzes 2 HT - Suzano 2 HT,Diego,Trabalhado,HT2000GA,0,5,180,0,5,0,0,0,0,Suzano,SP,0,0,0,35,3552502,2022,2,Fevereiro
Sexta,11/02/2022,Mudança de local e preventivas Correios Leopoldina,Paulinele,Trabalhado,CX100100D,0,4,100,0,4,0,0,0,0,São Paulo,SP,0,0,0,35,3550308,2022,2,Fevereiro
Sábado,12/02/2022,Folga,0,Folga,,0,0,0,0,0,0,0,0,0,São Paulo,SP,0,0,0,35,3550308,2022,2,Fevereiro
Domingo,13/02/2022,Folga,0,Folga,,0,0,0,0,0,0,0,0,0,São Paulo,SP,0,0,0,35,3550308,2022,2,Fevereiro
Segunda,14/02/2022,Voo Ida GRU - SSA,Diego,Trabalhado,,1,0,80,1475,0,0,0,0,1,Lauro de Freitas,BA,0,0,0,29,2919207,2022,2,Fevereiro
Terça,15/02/2022,ML Full BA Lauro de Freitas - Corretiva e preventiva,Diego,Trabalhado,CX100100D,0,2,60,0,1,1,0,0,1,Lauro de Freitas,BA,0,0,0,29,2919207,2022,2,Fevereiro
Quarta,16/02/2022,ML XD BA Lauro de Freitas + Corretivas PC Aerop Salvador,Diego,Trabalhado,CX100100D,0,2,60,0,1,1,0,0,1,Lauro de Freitas,BA,0,0,0,29,2919207,2022,2,Fevereiro
Quinta,17/02/2022,Voo Ida Porto seguro/BA,Paulinele,Trabalhado,,1,0,30,399,0,0,0,0,1,Porto Seguro,BA,0,0,0,29,2925303,2022,2,Fevereiro
Sexta,18/02/2022,Instalação Eunápolis/BA,Paulinele,Trabalhado,CX6040BI,0,1,130,0,0,0,1,0,1,Porto Seguro,BA,0,0,0,29,2925303,2022,2,Fevereiro
Sábado,19/02/2022,Voo volta BPS - GRU,Paulinele,Trabalhado,,1,0,70,1096,0,0,0,0,1,Porto Seguro,BA,0,0,0,29,2925303,2022,2,Fevereiro
Domingo,20/02/2022,Apoio Alex HT2100DV,Diego,Trabalhado,HT2100DV,1,0,90,0,0,0,0,0,0,São Paulo,SP,0,0,0,35,3550308,2022,2,Fevereiro
Segunda,21/02/2022,Testes Fábrica Correios Leopoldina + CDP 2 Osasco corretiva,Diego,Trabalhado,HT2000GA,1,1,150,0,0,1,0,0,0,Osasco,SP,0,0,0,35,3534401,2022,2,Fevereiro
Terça,22/02/2022,,0,Sem Atividade,,0,0,0,0,0,0,0,0,0,São Paulo,SP,0,0,0,35,3550308,2022,2,Fevereiro
Quarta,23/02/2022,Correios Leopoldina com Diego,Diego,Trabalhado,CX100100D,1,0,100,0,0,0,0,0,0,São Paulo,SP,0,0,0,35,3550308,2022,2,Fevereiro
Quinta,24/02/2022,Correios Leopoldina com Diego,Diego,Trabalhado,CX100100D,1,0,100,0,0,0,0,0,0,São Paulo,SP,0,0,0,35,3550308,2022,2,Fevereiro
Sexta,25/02/2022,Folga Plantão + correios Leopoldina com Diego,Diego,Trabalhado,CX100100D,0,1,100,0,0,0,0,0,0,São Paulo,SP,1,0,0,35,3550308,2022,2,Fevereiro
Sábado,26/02/2022,Plantão,Plantão,Trabalhado,,0,0,0,0,0,0,0,0,0,São Paulo,SP,0,0,1,35,3550308,2022,2,Fevereiro
Domingo,27/02/2022,Plantão + remota Casa Chiq. Gonzaga,Diego,Trabalhado,HT2000GA,0,1,0,0,0,1,0,0,0,São Paulo,SP,0,0,1,35,3550308,2022,2,Fevereiro
Segunda,28/02/2022,Carnaval,0,Feriado,,0,0,0,0,0,0,0,0,0,São Paulo,SP,0,0,0,35,3550308,2022,2,Fevereiro
Terça,01/03/2022,Carnaval,0,Feriado,,0,0,0,0,0,0,0,0,0,São Paulo,SP,0,0,0,35,3550308,2022,3,Março
Quarta,02/03/2022,Prev.- CDP Taubaté 2 HT - Casa Taubaté 1HT - CPP Tremembé 1 HT,Diego,Trabalhado,HT2000GA,0,4,260,0,4,0,0,0,0,Tremembé,SP,0,0,0,35,3554805,2022,3,Março
Quinta,03/03/2022,Prev. CDP Suzano 2 HT + CDP Mogi 2 HT com corretiva,Diego,Trabalhado,HT2000GA,0,5,100,0,4,1,0,0,0,Suzano,SP,0,0,0,35,3552502,2022,3,Março
Sexta,04/03/2022,Fábrica + remota CDP Taubaté,Diego,Trabalhado,HT2000GA,1,1,120,0,0,1,0,0,0,Carapicuíba,SP,0,1,0,35,3510609,2022,3,Março
Sábado,05/03/2022,Folga + remota ML Lauro de Freitas,0,Folga,CX100100D,0,1,0,0,0,1,0,0,0,São Paulo,SP,0,0,0,35,3550308,2022,3,Março
Domingo,06/03/2022,Folga,0,Folga,,0,0,0,0,0,0,0,0,0,São Paulo,SP,0,0,0,35,3550308,2022,3,Março
Segunda,07/03/2022,Ida GRU - THE,Paulinele,Trabalhado,,1,0,70,2100,0,0,0,0,1,Teresina,PI,0,0,0,22,2211001,2022,3,Março
Terça,08/03/2022,Preventiva e teste aceitação Justiça federal Piauí,Paulinele,Trabalhado,CX6040BI,0,2,30,0,1,0,1,0,1,Teresina,PI,0,0,0,22,2211001,2022,3,Março
Quarta,09/03/2022,Preventiva São João dos Patos + ida carro até Teresina - Balsas,Diego,Trabalhado,HT2000GA,1,1,580,0,1,0,0,0,1,São João dos Patos,MA,0,0,0,21,2111102,2022,3,Março
Quinta,10/03/2022,Elétrica JF Balsas/MA + Remota  Eunápolis,Diego,Trabalhado,CX6040BI,1,1,30,0,0,1,1,0,1,Balsas,MA,0,0,0,21,2101400,2022,3,Março
Sexta,11/03/2022,Folga Plantão + carro balsas até imperatriz e voo Retorno IMP - GRU,0,Folga Plantão,,1,0,395,2020,0,0,0,0,1,Imperatriz,MA,1,0,0,21,2105302,2022,3,Março
Sábado,12/03/2022,Plantão,Plantão,Trabalhado,,1,0,0,0,0,0,0,0,0,São Paulo,SP,0,1,0,35,3550308,2022,3,Março
Domingo,13/03/2022,Plantão,Plantão,Trabalhado,,1,0,0,0,0,0,0,0,0,São Paulo,SP,0,1,0,35,3550308,2022,3,Março
Segunda,14/03/2022,Férias,0,Férias,,0,0,0,0,0,0,0,0,0,São Paulo,SP,0,0,0,35,3550308,2022,3,Março
Terça,15/03/2022,Férias,0,Férias,,0,0,0,0,0,0,0,0,0,São Paulo,SP,0,0,0,35,3550308,2022,3,Março
Quarta,16/03/2022,Férias,0,Férias,,0,0,0,0,0,0,0,0,0,São Paulo,SP,0,0,0,35,3550308,2022,3,Março
Quinta,17/03/2022,Férias,0,Férias,,0,0,0,0,0,0,0,0,0,São Paulo,SP,0,0,0,35,3550308,2022,3,Março
Sexta,18/03/2022,Férias,0,Férias,,0,0,0,0,0,0,0,0,0,São Paulo,SP,0,0,0,35,3550308,2022,3,Março
Sábado,19/03/2022,Férias,0,Férias,,0,0,0,0,0,0,0,0,0,São Paulo,SP,0,0,0,35,3550308,2022,3,Março
Domingo,20/03/2022,Férias + Corretiva Remota Itajaí,0,Férias,FS6000,0,1,0,0,0,1,0,0,0,São Paulo,SP,0,0,0,35,3550308,2022,3,Março
Segunda,21/03/2022,Férias,0,Férias,,0,0,0,0,0,0,0,0,0,São Paulo,SP,0,0,0,35,3550308,2022,3,Março
Terça,22/03/2022,Férias,0,Férias,,0,0,0,0,0,0,0,0,0,São Paulo,SP,0,0,0,35,3550308,2022,3,Março
Quarta,23/03/2022,Férias,0,Férias,,0,0,0,0,0,0,0,0,0,São Paulo,SP,0,0,0,35,3550308,2022,3,Março
Quinta,24/03/2022,Férias,0,Férias,,0,0,0,0,0,0,0,0,0,São Paulo,SP,0,0,0,35,3550308,2022,3,Março
Sexta,25/03/2022,Férias,0,Férias,,0,0,0,0,0,0,0,0,0,São Paulo,SP,0,0,0,35,3550308,2022,3,Março
Sábado,26/03/2022,Férias,0,Férias,,0,0,0,0,0,0,0,0,0,São Paulo,SP,0,0,0,35,3550308,2022,3,Março
Domingo,27/03/2022,Férias,0,Férias,,0,0,0,0,0,0,0,0,0,São Paulo,SP,0,0,0,35,3550308,2022,3,Março
Segunda,28/03/2022,Férias,0,Férias,,0,0,0,0,0,0,0,0,0,São Paulo,SP,0,0,0,35,3550308,2022,3,Março
Terça,29/03/2022,,0,Sem Atividade,,0,0,0,0,0,0,0,0,0,São Paulo,SP,0,0,0,35,3550308,2022,3,Março
Quarta,30/03/2022,Reenvio reembolso Maranhão,PCM,Trabalhado,,1,0,0,0,0,0,0,0,0,São Paulo,SP,0,1,0,35,3550308,2022,3,Março
Quinta,31/03/2022,,0,Sem Atividade,,0,0,0,0,0,0,0,0,0,São Paulo,SP,0,0,0,35,3550308,2022,3,Março
Sexta,01/04/2022,Exame periódico Nuctech + remota TJMT Rondonópolis,PCM,Trabalhado,CX6040BI,1,1,70,0,0,1,0,0,0,São Paulo,SP,0,0,0,35,3550308,2022,4,Abril
Sábado,02/04/2022,Folga + Apoio Rogério,0,Folga,CX6040BI,1,0,0,0,0,0,0,0,0,São Paulo,SP,0,0,0,35,3550308,2022,4,Abril
Domingo,03/04/2022,Folga + Remota Romão Gomes,0,Folga,HT2100DV,0,1,0,0,0,1,0,0,0,São Paulo,SP,0,0,0,35,3550308,2022,4,Abril
Segunda,04/04/2022,CPP Tremembé 01 HT corr. e prev. + Casa Taubaté 01 HT prev. + CDP Taubaté 02 HT Prev.,Diego,Trabalhado,HT2000GA,0,5,260,0,4,1,0,0,0,Taubaté,SP,0,0,0,35,3554102,2022,4,Abril
Terça,05/04/2022,Retirada peças fábrica + papelada escritório,Diego,Trabalhado,,2,0,120,0,0,0,0,0,0,Carapicuíba,SP,0,1,0,35,3510609,2022,4,Abril
Quarta,06/04/2022,voo Ida GRU - CGR,Diego,Trabalhado,,1,0,70,916,0,0,0,0,1,Campo Grande,MS,0,0,0,50,5002704,2022,4,Abril
Quinta,07/04/2022,preventiva campo grande 3 pórticos e são Gabriel do oeste  2 pórticos + remota correios Natal,Diego,Trabalhado,PD6500i,0,6,90,0,5,1,0,0,1,Campo Grande,MS,0,0,0,50,5002704,2022,4,Abril
Sexta,08/04/2022,Folga Plantão + ida carro campo grande/MS  até Rondonópolis/MT + corretiva Rondonópolis,0,Folga Plantão,CX6040BI,1,1,495,0,0,1,0,0,1,Rondonópolis,MS,1,0,0,50,,2022,4,Abril
Sábado,09/04/2022,Plantão + carro Rondonópolis até Cuiabá + voo volta CGB - GRU,Diego,Trabalhado,,2,0,220,1329,0,0,0,0,1,Cuiabá,MS,0,0,1,50,,2022,4,Abril
Domingo,10/04/2022,Plantão,Plantão,Trabalhado,,1,0,0,0,0,0,0,0,0,São Paulo,SP,0,0,1,35,3550308,2022,4,Abril
Segunda,11/04/2022,Prev. Sap Tremembé P1 01HT e corretiva + P2 01 HT + Fem 01 Prev. e corr. 01 HT + Fem 02 01HT,Diego,Trabalhado,HT2000GA,0,5,260,0,4,2,0,0,0,Tremembé,SP,0,0,0,35,3554805,2022,4,Abril
Terça,12/04/2022,Prev e Corr. Potim P1 01 HT + Prev. Potim P2 01 HT + SJC Prev e Corr. 01 HT,Diego,Trabalhado,HT2000GA,0,5,350,0,3,2,0,0,0,Potim,SP,0,0,0,35,3540754,2022,4,Abril
Quarta,13/04/2022,Despacho papelada Nuctech + Devolução PC na fábrica + Retirada Peças + Corr. e Prev. Franco Rocha,Diego,Trabalhado,HT2000GA,3,2,200,0,1,1,0,0,0,Franco da Rocha,SP,0,1,0,35,3516408,2022,4,Abril
Quinta,14/04/2022,Instalação ML Aeroporto Guarulhos cx100100D,Diego,Trabalhado,CX100100D,0,1,100,0,0,0,1,1,0,Guarulhos,SP,0,0,0,35,3518800,2022,4,Abril
Sexta,15/04/2022,Sexta-feira Santa,0,Feriado,,0,0,0,0,0,0,0,0,0,São Paulo,SP,0,0,0,35,3550308,2022,4,Abril
Sábado,16/04/2022,Folga,0,Folga,,0,0,0,0,0,0,0,0,0,São Paulo,SP,0,0,0,35,3550308,2022,4,Abril
Domingo,17/04/2022,Folga,0,Folga,,0,0,0,0,0,0,0,0,0,São Paulo,SP,0,0,0,35,3550308,2022,4,Abril
Segunda,18/04/2022,Corretiva com preventiva Correios Valinhos,Diego,Trabalhado,CX100100D,0,2,250,0,1,1,0,0,0,Valinhos,SP,0,0,0,35,3556206,2022,4,Abril
Terça,19/04/2022,,0,Sem Atividade,,0,0,0,0,0,0,0,0,0,São Paulo,SP,0,0,0,35,3550308,2022,4,Abril
Quarta,20/04/2022,Docs para Bruna escritório,PCM,Trabalhado,,1,0,70,0,0,0,0,0,0,São Paulo,SP,0,0,0,35,3550308,2022,4,Abril
Quinta,21/04/2022,Tiradentes,0,Feriado,,0,0,0,0,0,0,0,0,0,São Paulo,SP,0,0,0,35,3550308,2022,4,Abril
Sexta,22/04/2022,Folga Plantão + Remota correios. São Luis,0,Folga Plantão,CX100100D,0,1,0,0,0,1,0,0,0,São Paulo,SP,0,0,0,35,3550308,2022,4,Abril
Sábado,23/04/2022,Plantão,Plantão,Trabalhado,,1,0,0,0,0,0,0,0,0,São Paulo,SP,0,0,1,35,3550308,2022,4,Abril
Domingo,24/04/2022,Plantão,Plantão,Trabalhado,,1,0,0,0,0,0,0,0,0,São Paulo,SP,0,0,1,35,3550308,2022,4,Abril
Segunda,25/04/2022,Casa Franco da Rocha instalação + remota TJ Balsas + remota Correios São Luís,Diego,Trabalhado,HT2000GA,1,2,130,0,0,2,1,0,0,Franco da Rocha,SP,0,0,0,35,3516408,2022,4,Abril
Terça,26/04/2022,Casa Franco da Rocha instalação,Diego,Trabalhado,HT2000GA,1,0,130,0,0,0,1,0,0,Franco da Rocha,SP,0,0,0,35,3516408,2022,4,Abril
Quarta,27/04/2022,Casa Franco da Rocha treinamento,Diego,Trabalhado,HT2000GA,0,1,130,0,0,0,0,1,0,Franco da Rocha,SP,0,0,0,35,3516408,2022,4,Abril
Quinta,28/04/2022,Casa Franco da Rocha treinamento + Corretiva FS Santos,Diego,Trabalhado,HT2000GA,1,0,280,0,0,1,0,1,0,Santos,SP,0,0,0,35,3548500,2022,4,Abril
Sexta,29/04/2022,Casa Franco da Rocha operação assistida,Diego,Trabalhado,HT2000GA,0,1,0,0,0,0,0,1,0,Franco da Rocha,SP,0,0,0,35,3516408,2022,4,Abril
Sábado,30/04/2022,Casa Franco da Rocha operação assistida,Diego,Trabalhado,HT2000GA,1,0,0,0,0,0,0,1,0,Franco da Rocha,SP,1,0,0,35,3516408,2022,4,Abril
Domingo,01/05/2022,Feriado Dia do Trabalho + Casa Franco da Rocha operação assistida,Diego,Trabalhado,HT2000GA,1,0,0,0,0,0,0,1,0,Franco da Rocha,SP,1,0,0,35,3516408,2022,5,Maio
Segunda,02/05/2022,Casa Franco da Rocha operação assistida + SAP Prev Mogi 2 HT,Diego,Trabalhado,HT2000GA,1,2,80,0,2,0,0,1,0,Mogi das Cruzes,SP,0,0,0,35,3530607,2022,5,Maio
Terça,03/05/2022,Casa Franco da Rocha operação assistida + Prev. SAP Potim 1 e 2 2HT,Diego,Trabalhado,HT2000GA,1,2,345,0,2,0,0,1,0,Potim,SP,0,0,0,35,3540754,2022,5,Maio
Quarta,04/05/2022,Prev. Banco Safra 01 6040 + Papelada escritório,Diego,Trabalhado,CX6040BI,1,1,70,0,1,0,0,0,0,São Paulo,SP,0,1,0,35,3550308,2022,5,Maio
Quinta,05/05/2022,Reunião Nuctech + Prev e corr SAP CDP S.J.C. 01 HT + remota Casa Franco Rocha,Diego,Trabalhado,HT2000GA,1,3,170,0,1,2,0,0,0,São José dos Campos,SP,0,0,0,35,3549904,2022,5,Maio
Sexta,06/05/2022,Folga Plantão,0,Folga Plantão,,0,0,0,0,0,0,0,0,0,São Paulo,SP,0,0,0,35,3550308,2022,5,Maio
Sábado,07/05/2022,Plantão,Plantão,Trabalhado,,1,0,0,0,0,0,0,0,0,São Paulo,SP,0,0,1,35,3550308,2022,5,Maio
Domingo,08/05/2022,Plantão,Plantão,Trabalhado,,1,0,0,0,0,0,0,0,0,São Paulo,SP,0,0,1,35,3550308,2022,5,Maio
Segunda,09/05/2022,Prev. SAP CDP Suzano 2 HT,Diego,Trabalhado,HT2000GA,0,2,40,0,2,0,0,0,0,Suzano,SP,0,0,0,35,3552502,2022,5,Maio
Terça,10/05/2022,Agendamento Correios Jaguaré,Diego,Trabalhado,,1,0,0,0,0,0,0,0,0,São Paulo,SP,0,0,0,35,3550308,2022,5,Maio
Quarta,11/05/2022,Ativação 100100D correios Jaguaré com Ruy,Diego,Trabalhado,CX100100D,0,1,100,0,0,0,1,0,0,São Paulo,SP,0,0,0,35,3550308,2022,5,Maio
Quinta,12/05/2022,,0,Sem Atividade,,0,0,0,0,0,0,0,0,0,São Paulo,SP,0,0,0,35,3550308,2022,5,Maio
Sexta,13/05/2022,remota CDP Suzano 2 HT,Bruno,Trabalhado,HT2000GA,0,2,0,0,0,2,0,0,0,São Paulo,SP,0,0,0,35,3550308,2022,5,Maio
Sábado,14/05/2022,Folga,0,Folga,,0,0,0,0,0,0,0,0,0,São Paulo,SP,0,0,0,35,3550308,2022,5,Maio
Domingo,15/05/2022,Folga,0,Folga,,0,0,0,0,0,0,0,0,0,São Paulo,SP,0,0,0,35,3550308,2022,5,Maio
Segunda,16/05/2022,,0,Sem Atividade,,0,0,0,0,0,0,0,0,0,São Paulo,SP,0,0,0,35,3550308,2022,5,Maio
Terça,17/05/2022,,0,Sem Atividade,,0,0,0,0,0,0,0,0,0,São Paulo,SP,0,0,0,35,3550308,2022,5,Maio
Quarta,18/05/2022,Reunião RH + ida apoio Walter em Itajaí GRU - NVT,Ranan,Trabalhado,FS6000,2,0,90,442,0,0,0,0,1,Itajaí,SC,0,0,0,42,4208203,2022,5,Maio
Quinta,19/05/2022,Corretiva Itajaí com Walter + vôo retorno NVT - GRU,Ranan,Trabalhado,FS6000,2,0,90,442,0,0,0,0,1,Itajaí,SC,0,0,0,42,4208203,2022,5,Maio
Sexta,20/05/2022,Folga Plantão,0,Folga Plantão,,0,0,0,0,0,0,0,0,0,São Paulo,SP,0,0,0,35,3550308,2022,5,Maio
Sábado,21/05/2022,Plantão,Plantão,Trabalhado,,0,0,0,0,0,0,0,0,0,São Paulo,SP,0,0,1,35,3550308,2022,5,Maio
Domingo,22/05/2022,Plantão,Plantão,Trabalhado,,0,0,0,0,0,0,0,0,0,São Paulo,SP,0,0,1,35,3550308,2022,5,Maio
Segunda,23/05/2022,Vôo Ida GRU - CGB + preventiva Cárceres/MT,Paulinele,Trabalhado,CX6040BI,1,1,490,1329,1,0,0,0,1,Carceres,MT,0,0,0,51,,2022,5,Maio
Terça,24/05/2022,Retirada peça LATAM + Preventivas Várzea Grande 01 6040 + Comarca Cuiabá 04 6040 + TJ Cuiabá 03 6040 com 01 corretiva,Paulinele,Trabalhado,CX6040BI,1,9,30,0,8,1,0,0,1,Cuiabá,MT,0,0,0,51,5103403,2022,5,Maio
Quarta,25/05/2022,Preventivas Rondonópolis e Primavera do Leste,Paulinele,Trabalhado,CX6040BI,0,3,350,0,2,0,0,0,1,Primavera do Leste,MT,0,0,0,51,5107040,2022,5,Maio
Quinta,26/05/2022,Preventivas Barra do Garças 02 6040 com 01 corretiva + retorno Cuiabá,Paulinele,Trabalhado,CX6040BI,1,3,790,0,2,1,0,0,1,Barra dos Garças,MT,0,0,0,51,,2022,5,Maio
Sexta,27/05/2022,Despacho retorno peças + Retorno CGB - GRU,Paulinele,Trabalhado,,2,0,70,1329,0,0,0,0,1,Cuiabá,MT,0,0,0,51,5103403,2022,5,Maio
Sábado,28/05/2022,Folga,0,Folga,,0,0,0,0,0,0,0,0,0,São Paulo,SP,0,0,0,35,3550308,2022,5,Maio
Domingo,29/05/2022,Folga,0,Folga,,0,0,0,0,0,0,0,0,0,São Paulo,SP,0,0,0,35,3550308,2022,5,Maio
Segunda,30/05/2022,Papelada,Bruno,Trabalhado,,1,0,0,0,0,0,0,0,0,São Paulo,SP,0,1,0,35,3550308,2022,5,Maio
Terça,31/05/2022,remota Romão Gomes,Bruno,Trabalhado,HT2100DV,0,1,0,0,0,1,0,0,0,São Paulo,SP,0,0,0,35,3550308,2022,5,Maio
Quarta,01/06/2022,Reunião Técnicos 08:30,Claudio,Trabalhado,,1,0,0,0,0,0,0,0,0,São Paulo,SP,0,0,0,35,3550308,2022,6,Junho
Quinta,02/06/2022,Corretiva e preventiva P2 Tremembé 01 HT,Diego,Trabalhado,HT2000GA,0,2,260,0,1,1,0,0,0,Tremembé,SP,0,0,0,35,3554805,2022,6,Junho
Sexta,03/06/2022,Preventiva FS Alemoa com Ranan e Rogério,Ranan,Trabalhado,FS6000,1,0,180,0,1,0,0,0,0,Santos,SP,0,0,0,35,3548500,2022,6,Junho
Sábado,04/06/2022,Folga,0,Folga,,0,0,0,0,0,0,0,0,0,São Paulo,SP,0,0,0,35,3550308,2022,6,Junho
Domingo,05/06/2022,Folga,0,Folga,,0,0,0,0,0,0,0,0,0,São Paulo,SP,0,0,0,35,3550308,2022,6,Junho
Segunda,06/06/2022,Preventiva SAP CDP Mogi 02HT,Diego,Trabalhado,HT2000GA,0,2,80,0,2,0,0,0,0,Mogi das Cruzes,SP,0,0,0,35,3530607,2022,6,Junho
Terça,07/06/2022,Contatora Rogério + PC Fábrica Jin + Cópia SW CLP FS Alemoa,Ranan,Trabalhado,FS6000,2,1,180,0,0,1,0,0,0,Santos,SP,0,0,0,35,3548500,2022,6,Junho
Quarta,08/06/2022,FS Alemoa troca contatora (não autorizada) + Devolução Pc fábrica,Ranan,Trabalhado,FS6000,1,1,240,0,0,1,0,0,0,Santos,SP,0,0,0,35,3548500,2022,6,Junho
Quinta,09/06/2022,Preventiva SAP CDP SJC 01 HT + P1 e P2 Potim 02 HT + CDP Suzano 02 HT,Diego,Trabalhado,HT2000GA,0,5,0,0,5,0,0,0,0,Potim,SP,0,0,0,35,3540754,2022,6,Junho
Sexta,10/06/2022,FS Alemoa acompanhando backup servidor Chineses e troca da contatora da moduladora,Ranan,Trabalhado,FS6000,0,1,0,0,0,0,0,0,0,Santos,SP,0,0,0,35,3548500,2022,6,Junho
Sábado,11/06/2022,Folga,0,Folga,,0,0,0,0,0,0,0,0,0,São Paulo,SP,0,0,0,35,3550308,2022,6,Junho
Domingo,12/06/2022,Folga,0,Folga,,0,0,0,0,0,0,0,0,0,São Paulo,SP,0,0,0,35,3550308,2022,6,Junho
Segunda,13/06/2022,Folga Banco,0,Folga Banco,,0,0,0,0,0,0,0,0,0,São Paulo,SP,0,0,0,35,3550308,2022,6,Junho
Terça,14/06/2022,Folga Banco,0,Folga Banco,,0,0,0,0,0,0,0,0,0,São Paulo,SP,0,0,0,35,3550308,2022,6,Junho
Quarta,15/06/2022,Folga Banco,0,Folga Banco,,0,0,0,0,0,0,0,0,0,São Paulo,SP,0,0,0,35,3550308,2022,6,Junho
Quinta,16/06/2022,Feriado Corpus Christi,0,Feriado,,0,0,0,0,0,0,0,0,0,São Paulo,SP,0,0,0,35,3550308,2022,6,Junho
Sexta,17/06/2022,Folga Plantão,0,Folga Plantão,,0,0,0,0,0,0,0,0,0,São Paulo,SP,0,0,0,35,3550308,2022,6,Junho
Sábado,18/06/2022,Plantão,Plantão,Trabalhado,,1,0,0,0,0,0,0,0,0,São Paulo,SP,0,0,1,35,3550308,2022,6,Junho
Domingo,19/06/2022,Plantão + Corretiva Casa praia grande 2 01 HT,Diego,Trabalhado,HT2000GA,1,1,180,0,0,1,0,0,0,Praia Grande,SP,0,0,1,35,3541000,2022,6,Junho
Segunda,20/06/2022,Instalação 6040 azul cargo Viracopos,Diego,Trabalhado,CX6040D,0,1,270,0,0,0,1,0,0,Campinas,SP,0,0,0,35,3509502,2022,6,Junho
Terça,21/06/2022,,0,Sem Atividade,,0,0,0,0,0,0,0,0,0,São Paulo,SP,0,0,0,35,3550308,2022,6,Junho
Quarta,22/06/2022,Apoio Rogério Fábrica,Diego,Trabalhado,,2,0,120,0,0,0,0,0,0,Carapicuíba,SP,0,0,0,35,3510609,2022,6,Junho
Quinta,23/06/2022,Apoio Rogério Fábrica  + Multímetro para calibração,Diego,Trabalhado,,2,0,120,0,0,0,0,0,0,Carapicuíba,SP,0,0,0,35,3510609,2022,6,Junho
Sexta,24/06/2022,Apoio Rogério Fábrica  + papelada,Diego,Trabalhado,,2,0,120,0,0,0,0,0,0,Carapicuíba,SP,0,0,0,35,3510609,2022,6,Junho
Sábado,25/06/2022,,0,Sem Atividade,,0,0,0,0,0,0,0,0,0,São Paulo,SP,0,0,0,35,3550308,2022,6,Junho
Domingo,26/06/2022,,0,Sem Atividade,,0,0,0,0,0,0,0,0,0,São Paulo,SP,0,0,0,35,3550308,2022,6,Junho
Segunda,27/06/2022,Copiar chaves fábrica para depen,Diego,Trabalhado,,1,0,150,0,0,0,0,0,0,Carapicuíba,SP,0,0,0,35,3510609,2022,6,Junho
Terça,28/06/2022,voo ida GRU - CGB + Instalação Cuiabá 2 CX6040BI com 2 corretivas,Diego,Trabalhado,CX6040BI,1,4,70,1329,0,2,2,0,1,Cuiabá,MT,0,0,0,51,5103403,2022,6,Junho
Quarta,29/06/2022,Instalação Cuiabá,Diego,Trabalhado,CX6040BI,1,0,30,0,0,0,0,1,1,Cuiabá,MT,0,0,0,51,5103403,2022,6,Junho
Quinta,30/06/2022,Voo volta CGB - GRU,Diego,Trabalhado,,1,0,70,1329,0,0,0,0,1,Cuiabá,MT,0,0,0,51,5103403,2022,6,Junho
Sexta,01/07/2022,Dosímetro Fábrica  + ajuda Hugo teste HT areia branca + Romão Gomes,Diego,Trabalhado,HT2100DV,2,1,160,0,0,1,0,0,0,São Paulo,SP,0,0,0,35,3550308,2022,7,Julho
Sábado,02/07/2022,Folga,0,Folga,,0,0,0,0,0,0,0,0,0,São Paulo,SP,0,0,0,35,3550308,2022,7,Julho
Domingo,03/07/2022,Folga,0,Folga,,0,0,0,0,0,0,0,0,0,São Paulo,SP,0,0,0,35,3550308,2022,7,Julho
Segunda,04/07/2022,Papelada escritório,Diego,Trabalhado,,1,0,0,0,0,0,0,0,0,São Paulo,SP,0,1,0,35,3550308,2022,7,Julho
Terça,05/07/2022,SSP - Centro + medidor escritório + reunião Cláudio,Diego,Trabalhado,CX6040BI,2,1,70,0,0,1,0,0,0,São Paulo,SP,0,0,0,35,3550308,2022,7,Julho
Quarta,06/07/2022,Reunião RH + treinamento TR1000QC fábrica (equip. não chegou) + Prev Suzano e Mogi 04 HT,Diego,Trabalhado,HT2000GA,2,4,170,0,4,0,0,0,0,Mogi das Cruzes,SP,0,0,0,35,3530607,2022,7,Julho
Quinta,07/07/2022,Prev SAP Potim e SJC 03 HT,Diego,Trabalhado,HT2000GA,0,3,345,0,3,0,0,0,0,Potim,SP,0,0,0,35,3540754,2022,7,Julho
Sexta,08/07/2022,Treinamento TR1000 fábrica (TR não chegou)  + Devolução Notebook  (Mauro TI) + retirada Pc  Estância/SE + papelada + Dosímetro e relé Rogério,Diego,Trabalhado,,6,0,120,0,0,0,0,0,0,Carapicuíba,SP,0,0,0,35,3510609,2022,7,Julho
Sábado,09/07/2022,Revolução Constitucionalista,0,Feriado,,0,0,0,0,0,0,0,0,0,São Paulo,SP,0,0,0,35,3550308,2022,7,Julho
Domingo,10/07/2022,Folga,0,Folga,,0,0,0,0,0,0,0,0,0,São Paulo,SP,0,0,0,35,3550308,2022,7,Julho
Segunda,11/07/2022,voo ida GRU - AJU + Desinstalação Areia Branca/SE (retirar peças para Estância),Diego,Trabalhado,HT2000GA,1,1,90,1742,0,0,1,0,1,Areia Branca,SE,0,0,0,28,2800506,2022,7,Julho
Terça,12/07/2022,Instalação Areia Branca/SE,Diego,Trabalhado,HT2000GA,0,1,20,0,0,0,1,0,1,Areia Branca,SE,0,0,0,28,2800506,2022,7,Julho
Quarta,13/07/2022,Instalação Areia Branca/SE,Diego,Trabalhado,HT2000GA,1,0,20,0,0,0,0,1,1,Areia Branca,SE,0,0,0,28,2800506,2022,7,Julho
Quinta,14/07/2022,Instalação Areia Branca/SE + preventiva areia branca + levantamento radiométrico areia branca + corretiva estância + levantamento radiométrico estância,Diego,Trabalhado,HT2000GA,4,1,160,0,1,0,0,0,1,Estância,SE,0,0,0,28,2802106,2022,7,Julho
Sexta,15/07/2022,Preventiva fórum são Cristóvão + levantamento radiométrico Forum São Cristóvão + vôo volta AJU - GRU,Diego,Trabalhado,CX5030T,2,1,100,1742,1,0,0,0,1,São Cristovão,SE,0,0,0,28,2806701,2022,7,Julho
Sábado,16/07/2022,Folga,0,Folga,,0,0,0,0,0,0,0,0,0,São Paulo,SP,0,0,0,35,3550308,2022,7,Julho
Domingo,17/07/2022,Folga,0,Folga,,0,0,0,0,0,0,0,0,0,São Paulo,SP,0,0,0,35,3550308,2022,7,Julho
Segunda,18/07/2022,Devolução Medidor  Escritório + papelada + devolução Pc fábrica,PCM,Trabalhado,,3,0,120,0,0,0,0,0,0,Carapicuíba,SP,0,1,0,35,3510609,2022,7,Julho
Terça,19/07/2022,Preventiva Cidade I e II 02 cx5030 ( reagendado a pedido do cliente ),Diego,Trabalhado,,1,0,60,0,0,0,0,0,0,São Paulo,SP,0,0,0,35,3550308,2022,7,Julho
Quarta,20/07/2022,Preventiva Cidade I e II 02 cx5030,Diego,Trabalhado,CX5030T,0,2,60,0,2,0,0,0,0,São Paulo,SP,0,0,0,35,3550308,2022,7,Julho
Quinta,21/07/2022,Ministério da Fazenda 02 CX6040 + agendamento TR2000 GRU,Paulinele,Trabalhado,CX6040BI,1,2,60,0,2,0,0,0,0,São Paulo,SP,0,0,0,35,3550308,2022,7,Julho
Sexta,22/07/2022,Folga Plantão,0,Folga Plantão,,0,0,0,0,0,0,0,0,0,São Paulo,SP,0,0,0,35,3550308,2022,7,Julho
Sábado,23/07/2022,Plantão,Plantão,Trabalhado,,0,0,0,0,0,0,0,0,0,São Paulo,SP,0,0,1,35,3550308,2022,7,Julho
Domingo,24/07/2022,Plantão + Corretiva CPP Tremembé,Plantão,Trabalhado,HT2000GA,0,1,260,0,0,1,0,0,0,Tremembé,SP,0,0,1,35,3554805,2022,7,Julho
Segunda,25/07/2022,TR2000 GRU as 10:00,Diego,Trabalhado,TR2000DC,1,0,100,0,0,0,0,0,0,Guarulhos,SP,0,0,0,35,3518800,2022,7,Julho
Terça,26/07/2022,TR2000 GRU as 08:00 + papelada escritório,Diego,Trabalhado,TR2000DC,1,2,150,0,0,2,0,0,0,Guarulhos,SP,0,1,0,35,3518800,2022,7,Julho
Quarta,27/07/2022,E.P.I. na fábrica,PCM,Trabalhado,,1,0,120,0,0,0,0,0,0,Carapicuíba,SP,0,0,0,35,3510609,2022,7,Julho
Quinta,28/07/2022,Agendamento reciclagem Piracicaba,Ranan,Trabalhado,,1,0,0,0,0,0,0,0,0,São Paulo,SP,0,0,0,35,3550308,2022,7,Julho
Sexta,29/07/2022,Treinamento Piracicaba 09:30,Ranan,Trabalhado,HT2000GA,0,1,370,0,0,0,0,1,0,Piracicaba,SP,0,0,0,35,3538709,2022,7,Julho
Sábado,30/07/2022,Folga,0,Folga,,0,0,0,0,0,0,0,0,0,São Paulo,SP,0,0,0,35,3550308,2022,7,Julho
Domingo,31/07/2022,Vôo ida GRU - NAT,Diego,Trabalhado,,1,0,70,2350,0,0,0,0,1,Mossoró,RN,0,0,0,24,2408003,2022,7,Julho
Segunda,01/08/2022,Instalação Pen. Federal de Mossoró / RN as 09:00 empilhadeira,Diego,Trabalhado,CX100100D,0,1,280,0,0,0,1,0,1,Mossoró,RN,0,0,0,24,2408003,2022,8,Agosto
Terça,02/08/2022,Treinamento Pen. Federal de Mossoró / RN,Diego,Trabalhado,CX100100D,1,0,30,0,0,0,0,1,1,Mossoró,RN,0,0,0,24,2408003,2022,8,Agosto
Quarta,03/08/2022,Treinamento Pen. Federal de Mossoró / RN,Diego,Trabalhado,CX100100D,1,0,30,0,0,0,0,1,1,Mossoró,RN,0,0,0,24,2408003,2022,8,Agosto
Quinta,04/08/2022,Treinamento Pen. Federal de Mossoró / RN + bate volta Natal Pc novo,Diego,Trabalhado,CX100100D,2,0,560,0,0,0,0,1,1,Mossoró,RN,0,0,0,24,2408003,2022,8,Agosto
Sexta,05/08/2022,Treinamento Pen. Federal de Mossoró / RN + substituição esteiras,Diego,Trabalhado,CX100100D,2,0,30,0,0,0,0,1,1,Mossoró,RN,0,0,0,24,2408003,2022,8,Agosto
Sábado,06/08/2022,vôo retorno Nat - GRU,Diego,Trabalhado,,1,0,330,2350,0,0,0,0,1,Mossoró,RN,0,0,0,24,2408003,2022,8,Agosto
Domingo,07/08/2022,Folga,0,Folga,,0,0,0,0,0,0,0,0,0,São Paulo,SP,0,0,0,35,3550308,2022,8,Agosto
Segunda,08/08/2022,PC Fábrica + papelada + despacho CGH + reunião às 15:00,Claudio,Trabalhado,,4,0,170,0,0,0,0,0,0,Carapicuíba,SP,0,1,0,35,3510609,2022,8,Agosto
Terça,09/08/2022,13:00 as 17:00 treinamento AENA ead,PCM,Trabalhado,,1,0,0,0,0,0,0,1,0,São Paulo,SP,0,0,0,35,3550308,2022,8,Agosto
Quarta,10/08/2022,08:00 as 17:00 treinamento AENA ead,PCM,Trabalhado,,1,0,0,0,0,0,0,1,0,São Paulo,SP,0,0,0,35,3550308,2022,8,Agosto
Quinta,11/08/2022,Romão Gomes  as 10:00 com Neudson (radioproteção ),Paulinele,Trabalhado,HT2100DV,1,1,90,0,1,0,0,0,0,São Paulo,SP,0,0,0,35,3550308,2022,8,Agosto
Sexta,12/08/2022,Folga Plantão,0,Folga Plantão,,0,0,0,0,0,0,0,0,0,São Paulo,SP,0,0,0,35,3550308,2022,8,Agosto
Sábado,13/08/2022,Plantão  + Remota Casa Pirituba,Plantão,Trabalhado,HT2000GA,1,1,0,0,0,1,0,0,0,São Paulo,SP,0,1,1,35,3550308,2022,8,Agosto
Domingo,14/08/2022,Plantão + Conjunta Jean Casa Pirituba,Plantão,Trabalhado,HT2000GA,1,1,80,0,0,1,0,0,0,São Paulo,SP,0,1,1,35,3550308,2022,8,Agosto
Segunda,15/08/2022,Prev. Mogi 02HT + Prev. Potim 02HT + Doc RH,Diego,Trabalhado,HT2000GA,1,4,345,0,4,0,0,0,0,Potim,SP,0,0,0,35,3540754,2022,8,Agosto
Terça,16/08/2022,Preventiva SJC 01 HT + prev. Suzano 02HT,Diego,Trabalhado,HT2000GA,0,3,180,0,3,0,0,0,0,São José dos Campos,SP,0,0,0,35,3549904,2022,8,Agosto
Quarta,17/08/2022,,0,Sem Atividade,,0,0,0,0,0,0,0,0,0,São Paulo,SP,0,0,0,35,3550308,2022,8,Agosto
Quinta,18/08/2022,,0,Sem Atividade,,0,0,0,0,0,0,0,0,0,São Paulo,SP,0,0,0,35,3550308,2022,8,Agosto
Sexta,19/08/2022,Papelada,Bruno,Trabalhado,,1,0,0,0,0,0,0,0,0,São Paulo,SP,0,1,0,35,3550308,2022,8,Agosto
Sábado,20/08/2022,Folga,0,Folga,,0,0,0,0,0,0,0,0,0,São Paulo,SP,0,0,0,35,3550308,2022,8,Agosto
Domingo,21/08/2022,Folga,0,Folga,,0,0,0,0,0,0,0,0,0,São Paulo,SP,0,0,0,35,3550308,2022,8,Agosto
Segunda,22/08/2022,Férias,0,Férias,,0,0,0,0,0,0,0,0,0,São Paulo,SP,0,0,0,35,3550308,2022,8,Agosto
Terça,23/08/2022,Férias,0,Férias,,0,0,0,0,0,0,0,0,0,São Paulo,SP,0,0,0,35,3550308,2022,8,Agosto
Quarta,24/08/2022,Férias,0,Férias,,0,0,0,0,0,0,0,0,0,São Paulo,SP,0,0,0,35,3550308,2022,8,Agosto
Quinta,25/08/2022,Férias,0,Férias,,0,0,0,0,0,0,0,0,0,São Paulo,SP,0,0,0,35,3550308,2022,8,Agosto
Sexta,26/08/2022,Férias,0,Férias,,0,0,0,0,0,0,0,0,0,São Paulo,SP,0,0,0,35,3550308,2022,8,Agosto
Sábado,27/08/2022,Férias,0,Férias,,0,0,0,0,0,0,0,0,0,São Paulo,SP,0,0,0,35,3550308,2022,8,Agosto
Domingo,28/08/2022,Férias,0,Férias,,0,0,0,0,0,0,0,0,0,São Paulo,SP,0,0,0,35,3550308,2022,8,Agosto
Segunda,29/08/2022,Férias,0,Férias,,0,0,0,0,0,0,0,0,0,São Paulo,SP,0,0,0,35,3550308,2022,8,Agosto
Terça,30/08/2022,Férias,0,Férias,,0,0,0,0,0,0,0,0,0,São Paulo,SP,0,0,0,35,3550308,2022,8,Agosto
Quarta,31/08/2022,Férias,0,Férias,,0,0,0,0,0,0,0,0,0,São Paulo,SP,0,0,0,35,3550308,2022,8,Agosto
Quinta,01/09/2022,Férias,0,Férias,,0,0,0,0,0,0,0,0,0,São Paulo,SP,0,0,0,35,3550308,2022,9,Setembro
Sexta,02/09/2022,Férias,0,Férias,,0,0,0,0,0,0,0,0,0,São Paulo,SP,0,0,0,35,3550308,2022,9,Setembro
Sábado,03/09/2022,Férias,0,Férias,,0,0,0,0,0,0,0,0,0,São Paulo,SP,0,0,0,35,3550308,2022,9,Setembro
Domingo,04/09/2022,Férias,0,Férias,,0,0,0,0,0,0,0,0,0,São Paulo,SP,0,0,0,35,3550308,2022,9,Setembro
Segunda,05/09/2022,Férias,0,Férias,,0,0,0,0,0,0,0,0,0,São Paulo,SP,0,0,0,35,3550308,2022,9,Setembro
Terça,06/09/2022,Cursos AENA,Diego,Trabalhado,,7,0,0,0,0,0,0,1,0,São Paulo,SP,0,0,0,35,3550308,2022,9,Setembro
Quarta,07/09/2022,Independência,0,Feriado,,0,0,0,0,0,0,0,0,0,São Paulo,SP,0,0,0,35,3550308,2022,9,Setembro
Quinta,08/09/2022,CDP Suzano 02 HT 02 Prev. 02 Corr.,Diego,Trabalhado,HT2000GA,0,4,40,0,2,2,0,0,0,Suzano,SP,0,0,0,35,3552502,2022,9,Setembro
Sexta,09/09/2022,CDP Suzano troca de teclados 02 HT,Diego,Trabalhado,HT2000GA,0,2,40,0,0,2,0,0,0,Suzano,SP,0,0,0,35,3552502,2022,9,Setembro
Sábado,10/09/2022,Folga,0,Folga,,0,0,0,0,0,0,0,0,0,São Paulo,SP,0,0,0,35,3550308,2022,9,Setembro
Domingo,11/09/2022,Folga,0,Folga,,0,0,0,0,0,0,0,0,0,São Paulo,SP,0,0,0,35,3550308,2022,9,Setembro
Segunda,12/09/2022,SAP Potim P1 e P2 - 02 HT prev. e corre. + Confirmação treinamento CDP SJC,Diego,Trabalhado,HT2000GA,1,4,345,0,2,2,0,0,0,Potim,SP,0,0,0,35,3540754,2022,9,Setembro
Terça,13/09/2022,treinamento  e prev. 01 HT CDP SJC as 09:00 + CDP Mogi 02 HT Prev.,Diego,Trabalhado,HT2000GA,1,3,170,0,3,0,0,1,0,São José dos Campos,SP,0,0,0,35,3549904,2022,9,Setembro
Quarta,14/09/2022,Reunião 08:30,Diego,Trabalhado,,1,0,0,0,0,0,0,0,0,São Paulo,SP,0,0,0,35,3550308,2022,9,Setembro
Quinta,15/09/2022,Papelada,Bruno,Trabalhado,,1,0,0,0,0,0,0,0,0,São Paulo,SP,0,1,0,35,3550308,2022,9,Setembro
Sexta,16/09/2022,Folga Plantão,0,Folga Plantão,,0,0,0,0,0,0,0,0,0,São Paulo,SP,0,0,0,35,3550308,2022,9,Setembro
Sábado,17/09/2022,Plantão,Plantão,Trabalhado,,1,0,0,0,0,0,0,0,0,São Paulo,SP,0,0,1,35,3550308,2022,9,Setembro
Domingo,18/09/2022,Plantão,Plantão,Trabalhado,,1,0,0,0,0,0,0,0,0,São Paulo,SP,0,0,1,35,3550308,2022,9,Setembro
Segunda,19/09/2022,Prev Casa ouro preto 01 HT + Prev casa Nova vida 01 HT,Diego,Trabalhado,HT2000GA,0,2,50,0,2,0,0,0,0,São Paulo,SP,0,0,0,35,3550308,2022,9,Setembro
Terça,20/09/2022,Remota Casa Rio Piracicaba,Diego,Trabalhado,HT2000GA,0,1,0,0,0,1,0,0,0,São Paulo,SP,0,0,0,35,3550308,2022,9,Setembro
Quarta,21/09/2022,Kylin Gru credencial,Diego,Trabalhado,,1,0,100,0,0,0,0,0,0,Guarulhos,SP,0,0,0,35,3518800,2022,9,Setembro
Quinta,22/09/2022,Corretiva P1 Franco da rocha,Diego,Trabalhado,HT2000GA,0,1,140,0,0,1,0,0,0,Franco da Rocha,SP,0,0,0,35,3516408,2022,9,Setembro
Sexta,23/09/2022,Fábrica + troca leitor P1 franco da Rocha,Diego,Trabalhado,HT2000GA,2,0,160,0,0,1,0,0,0,Franco da Rocha,SP,0,0,0,35,3516408,2022,9,Setembro
Sábado,24/09/2022,Folga,0,Folga,,0,0,0,0,0,0,0,0,0,São Paulo,SP,0,0,0,35,3550308,2022,9,Setembro
Domingo,25/09/2022,Folga,0,Folga,,0,0,0,0,0,0,0,0,0,São Paulo,SP,0,0,0,35,3550308,2022,9,Setembro
Segunda,26/09/2022,Alinhamento visita GRU com Paulinele,Diego,Trabalhado,,1,0,0,0,0,0,0,0,0,São Paulo,SP,0,0,0,35,3550308,2022,9,Setembro
Terça,27/09/2022,Gru Paulinele 09:00,Diego,Trabalhado,,1,0,100,0,0,0,0,0,0,Guarulhos,SP,0,0,0,35,3518800,2022,9,Setembro
Quarta,28/09/2022,Reciclagem Radioproteção 08:30 online + Fábrica Cláudio + Multímetro Rogério + Remota CDP Suzano,Diego,Trabalhado,HT2000GA,3,1,120,0,0,1,0,0,0,Carapicuíba,SP,0,0,0,35,3510609,2022,9,Setembro
Quinta,29/09/2022,Fábrica Cláudio,Diego,Trabalhado,,1,0,120,0,0,0,0,0,0,Carapicuíba,SP,0,0,0,35,3510609,2022,9,Setembro
Sexta,30/09/2022,"IP Casa Ruth Pistori, Bom Retiro, Itaquera",Paulinele,Trabalhado,HT2000GA,0,3,60,0,0,3,0,0,0,São Paulo,SP,0,0,0,35,3550308,2022,9,Setembro
Sábado,01/10/2022,Folga,0,Folga,,0,0,0,0,0,0,0,0,0,São Paulo,SP,0,0,0,35,3550308,2022,10,Outubro
Domingo,02/10/2022,Folga,0,Folga,,0,0,0,0,0,0,0,0,0,São Paulo,SP,0,0,0,35,3550308,2022,10,Outubro
Segunda,03/10/2022,SAP Preventiva Mogi 02HT e Suzano 02HT + Curso Aena,Diego,Trabalhado,HT2000GA,1,4,80,0,4,0,0,1,0,Mogi das Cruzes,SP,0,0,0,35,3530607,2022,10,Outubro
Terça,04/10/2022,peças Fábrica + ida RJ Carro + fórum RJ com Leonardo,Diego,Trabalhado,CX5030T,3,0,550,0,0,0,0,0,1,Rio de Janeiro,RJ,0,0,0,33,3304557,2022,10,Outubro
Quarta,05/10/2022,Angra dos reis com Leonardo + Preventiva Fórum Paraty,Diego,Trabalhado,CX6040BI,1,1,260,0,1,0,0,0,1,Angra dos reis,RJ,0,0,0,33,3300100,2022,10,Outubro
Quinta,06/10/2022,Retorno carro SP + SAP Potim P1 e P2 02 HT + Devolução carro,Diego,Trabalhado,HT2000GA,2,2,270,0,2,0,0,0,1,Paraty,RJ,0,0,0,33,3303807,2022,10,Outubro
Sexta,07/10/2022,SJC 01 HT,Diego,Trabalhado,HT2000GA,0,1,170,0,1,0,0,0,0,São José dos Campos,SP,0,0,0,35,3549904,2022,10,Outubro
Sábado,08/10/2022,Folga,0,Folga,,0,0,0,0,0,0,0,0,0,São Paulo,SP,0,0,0,35,3550308,2022,10,Outubro
Domingo,09/10/2022,Folga,0,Folga,,0,0,0,0,0,0,0,0,0,São Paulo,SP,0,0,0,35,3550308,2022,10,Outubro
Segunda,10/10/2022,Fábrica com Rogério + papelada,Claudio,Trabalhado,,2,0,120,0,0,0,0,0,0,Carapicuíba,SP,0,1,0,35,3510609,2022,10,Outubro
Terça,11/10/2022,Fábrica com Rogério,Claudio,Trabalhado,,1,0,120,0,0,0,0,0,0,Carapicuíba,SP,0,0,0,35,3510609,2022,10,Outubro
Quarta,12/10/2022,Feriado Nossa Senhora + suporte Jean Depen Campo Grande,0,Feriado,PD6500i,1,0,0,0,0,0,0,0,0,São Paulo,SP,0,0,0,35,3550308,2022,10,Outubro
Quinta,13/10/2022,Folga Banco,0,Folga Banco,,0,0,0,0,0,0,0,0,0,São Paulo,SP,0,0,0,35,3550308,2022,10,Outubro
Sexta,14/10/2022,Folga Banco + Reunião 09:30 Ranan,0,Folga Banco,,1,0,0,0,0,0,0,0,0,São Paulo,SP,0,0,0,35,3550308,2022,10,Outubro
Sábado,15/10/2022,Folga,0,Folga,,0,0,0,0,0,0,0,0,0,São Paulo,SP,0,0,0,35,3550308,2022,10,Outubro
Domingo,16/10/2022,Folga,0,Folga,,0,0,0,0,0,0,0,0,0,São Paulo,SP,0,0,0,35,3550308,2022,10,Outubro
Segunda,17/10/2022,solicitação peças Compajaf,Paulinele,Trabalhado,,1,0,0,0,0,0,0,0,0,São Paulo,SP,0,0,0,35,3550308,2022,10,Outubro
Terça,18/10/2022,Fábrica com Diego as 08:30 + agendamento treinamento operacional Estância,Diego,Trabalhado,,2,0,120,0,0,0,0,0,0,Carapicuíba,SP,0,0,0,35,3510609,2022,10,Outubro
Quarta,19/10/2022,Cidade 1 e 2 rua boa vista 02 5030 + Retirada peças Fábrica Compajaf,Diego,Trabalhado,CX5030T,1,2,150,0,2,0,0,0,0,Carapicuíba,SP,0,0,0,35,3510609,2022,10,Outubro
Quinta,20/10/2022,Jin e Ybo na fábrica + Troca tubo com prev. Pen. capela do alto 100100TI + acompanhamento testes Jin e Ybo + remota CDP Suzano e Correios Natal + Jin e Ybo em casa,Diego,Trabalhado,CX100100TI,2,4,345,0,1,2,0,0,0,Capela do Alto,SP,0,0,0,35,3510302,2022,10,Outubro
Sexta,21/10/2022,Folga plantão + Remota capela do alto + remota cdp Suzano 2 HT off + remota casa Mongaguá,Diego,Trabalhado,CX100100TI,0,4,0,0,0,4,0,0,0,São Paulo,SP,1,0,0,35,3550308,2022,10,Outubro
Sábado,22/10/2022,Plantão + Casa Mongaguá,Plantão,Trabalhado,HT2000GA,1,1,240,0,0,1,0,0,0,Mongaguá,SP,0,0,1,35,3531100,2022,10,Outubro
Domingo,23/10/2022,Plantão,Plantão,Trabalhado,,1,0,0,0,0,0,0,0,0,São Paulo,SP,0,0,1,35,3550308,2022,10,Outubro
Segunda,24/10/2022,Vôo ida GRU - AJU - Treinamento operacional e prev. Estância as 14 + Remota Correios Leopoldina,Paulinele,Trabalhado,HT2000GA,1,3,200,1742,1,1,0,1,1,Estância,SE,0,0,0,28,2802106,2022,10,Outubro
Terça,25/10/2022,Prev. Fórum Prof. Rollemberg 01 5030 + Prev. Fórum Olímpio Mendonça 01 5030 + Prev. Fórum Integrados III 01 5030 + Prev. Fórum Gilson Goes 01 5030,Paulinele,Trabalhado,CX5030T,0,4,100,0,4,0,0,0,1,Aracaju,SE,0,0,0,28,2800308,2022,10,Outubro
Quarta,26/10/2022,Prev. Fórum Dês. Ant. Xavier 01 5030 + Prev e Corr. Fórum Gumercindo Bessa 01 6040 + Prev e Corr. cadeia areia branca 01 HT,Paulinele,Trabalhado,CX6040BI,0,5,100,0,3,2,0,0,1,Areia Branca,SE,0,0,0,28,2800506,2022,10,Outubro
Quinta,27/10/2022,Reunião as 08:30 + Prev Fórum Pedro Barreto 01 5030 + prev e corr. Fórum N. Sa. do Socorro 01 5030 + Prev. e Corre. Fóruns integrados IV 01 6040 + Prev. Cadeia Compajaf + Remota Pasta areia Branca,Paulinele,Trabalhado,CX6040BI,1,7,70,0,4,3,0,0,1,Nossa Senhora do Socorro,SE,0,0,0,28,2804805,2022,10,Outubro
Sexta,28/10/2022,Treinamento CT Online + Remota areia Branca,Paulinele,Trabalhado,HT2000GA,1,1,0,0,0,1,0,1,1,Aracaju,SE,0,0,0,28,2800308,2022,10,Outubro
Sábado,29/10/2022,Vôo retorno AJU - GRU + Remota Romão Gomes + Treinamento CT Online,Paulinele,Trabalhado,HT2100DV,1,1,70,1742,0,1,0,1,1,Aracaju,SE,0,0,0,28,2800308,2022,10,Outubro
Domingo,30/10/2022,Folga,0,Folga,,0,0,0,0,0,0,0,0,0,São Paulo,SP,0,0,0,35,3550308,2022,10,Outubro
Segunda,31/10/2022,Treinamento CT Online  + Papelada Fábrica + Remota CDP Mogi + alinhamento Diego Pelotas,Diego,Trabalhado,HT2000GA,3,1,0,0,0,1,0,1,0,Carapicuíba,SP,0,1,0,35,3510609,2022,10,Outubro
Terça,01/11/2022,Treinamento CT Online + vôo GRU - NVT + Corretiva Itajaí,Ranan,Trabalhado,FS6000,2,1,90,442,0,1,0,1,1,Itajaí,SC,0,0,0,42,4208203,2022,11,Novembro
Quarta,02/11/2022,Feriado Finados + testes FS Itajaí + vôo retorno NVT - GRU,Ranan,Trabalhado,FS6000,1,1,90,442,0,0,0,0,1,Itajaí,SC,1,0,0,42,4208203,2022,11,Novembro
Quinta,03/11/2022,Prev CDP Mogi 02 HT + CDP Suzano (Alex de GRU já tinha feito) + Treinamento CT Online + Papelada,Diego,Trabalhado,HT2000GA,3,2,80,0,2,0,0,1,0,Mogi das Cruzes,SP,0,1,0,35,3530607,2022,11,Novembro
Sexta,04/11/2022,Prev. Potim 1 e 2 02 HT + Prev SJC 01 HT + treinamento CT Online,Diego,Trabalhado,HT2000GA,1,3,345,0,0,0,0,1,0,Potim,SP,0,0,0,35,3540754,2022,11,Novembro
Sábado,05/11/2022,Folga,0,Folga,,0,0,0,0,0,0,0,0,0,São Paulo,SP,0,0,0,35,3550308,2022,11,Novembro
Domingo,06/11/2022,Folga,0,Folga,,0,0,0,0,0,0,0,0,0,São Paulo,SP,0,0,0,35,3550308,2022,11,Novembro
Segunda,07/11/2022,Treinamento CT Online  + Treinamentos AENA + Remota Potim 2,Diego,Trabalhado,HT2000GA,2,1,0,0,0,1,0,1,0,São Paulo,SP,0,0,0,35,3550308,2022,11,Novembro
Terça,08/11/2022,Treinamento CT Online + Corretiva P2 Tremembé,Diego,Trabalhado,HT2000GA,1,1,260,0,0,1,0,1,0,Tremembé,SP,0,0,0,35,3554805,2022,11,Novembro
Quarta,09/11/2022,Treinamento CT Online + papelada,Diego,Trabalhado,,1,1,0,0,0,0,0,1,0,São Paulo,SP,0,1,0,35,3550308,2022,11,Novembro
Quinta,10/11/2022,Treinamento CT Online + EPI's escritório,Diego,Trabalhado,,2,0,70,0,0,0,0,1,0,São Paulo,SP,0,0,0,35,3550308,2022,11,Novembro
Sexta,11/11/2022,Treinamento CT Online + vôo ida GRU - MCZ + credenciamento MCZ,Diego,Trabalhado,,3,0,70,1975,0,0,0,1,1,Maceió,AL,0,0,0,27,2704302,2022,11,Novembro
Sábado,12/11/2022,Recebimento Máquinas Aeroporto MCZ,Diego,Trabalhado,CX6040D,1,0,50,0,0,0,1,0,1,Maceió,AL,0,0,0,27,2704302,2022,11,Novembro
Domingo,13/11/2022,Folga,0,Folga,,0,0,0,0,0,0,0,0,1,Maceió,AL,0,0,0,27,2704302,2022,11,Novembro
Segunda,14/11/2022,Instalação internacional MCZ + Treinamento operacional,Diego,Trabalhado,CX6040D,1,1,50,0,0,0,1,1,1,Maceió,AL,0,0,0,27,2704302,2022,11,Novembro
Terça,15/11/2022,Feriado Proclamação da Repiblica + Instalação internacional MCZ + Treinamento operacional,Diego,Trabalhado,CX6040D,1,1,50,0,0,0,1,1,1,Maceió,AL,1,0,0,27,2704302,2022,11,Novembro
Quarta,16/11/2022,Comissionamento internacional MCZ + remota ETD Natal,Diego,Trabalhado,TR2000DC,1,2,50,0,0,1,1,0,1,Maceió,AL,0,0,0,27,2704302,2022,11,Novembro
Quinta,17/11/2022,Instalação novo  Nacional MCZ + remota ETD Natal + prev e 02 corretivas 5030 fórum Maceió,Diego,Trabalhado,CX5030T,0,5,80,0,1,3,1,0,1,Maceió,AL,0,0,0,27,2704302,2022,11,Novembro
Sexta,18/11/2022,Exame médico períodico + continuação instalação novo Nacional MCZ + comissionamento nacional MCZ + troca esteira parte 1,Diego,Trabalhado,CX6040D,3,1,70,0,0,0,1,0,1,Maceió,AL,0,0,0,27,2704302,2022,11,Novembro
Sábado,19/11/2022,Troca esteiras parte 2 + treinamento ETD manhã e tarde + acompanhando embarque internacional,Diego,Trabalhado,TR2000DC,3,0,50,0,0,1,0,1,1,Maceió,AL,0,0,0,27,2704302,2022,11,Novembro
Domingo,20/11/2022,Folga,0,Folga,,0,0,0,0,0,0,0,0,1,Maceió,AL,0,0,0,27,2704302,2022,11,Novembro
Segunda,21/11/2022,Instalação MCZ,Diego,Trabalhado,CX6040D,0,1,50,0,0,0,1,0,1,Maceió,AL,0,0,0,27,2704302,2022,11,Novembro
Terça,22/11/2022,remota ETD Natal + aerop MCZ,Diego,Trabalhado,TR2000DC,0,2,50,0,0,1,1,0,1,Maceió,AL,0,0,0,27,2704302,2022,11,Novembro
Quarta,23/11/2022,reposicionamento MCZ nacional,Diego,Trabalhado,CX6040D,1,1,50,0,0,0,1,0,1,Maceió,AL,0,0,0,27,2704302,2022,11,Novembro
Quinta,24/11/2022,acompanhando obra MCZ,Diego,Trabalhado,CX6040D,1,1,50,0,0,0,1,0,1,Maceió,AL,0,0,0,27,2704302,2022,11,Novembro
Sexta,25/11/2022,instalação as 10 e testes as 14,Diego,Trabalhado,CX6040D,1,1,50,0,0,0,1,0,1,Maceió,AL,0,0,0,27,2704302,2022,11,Novembro
Sábado,26/11/2022,retorno casa MCZ - GRU,Diego,Trabalhado,,1,0,70,1975,0,0,0,0,1,Maceió,AL,0,0,0,27,2704302,2022,11,Novembro
Domingo,27/11/2022,Folga,0,Folga,,0,0,0,0,0,0,0,0,0,São Paulo,SP,0,0,0,35,3550308,2022,11,Novembro
Segunda,28/11/2022,Papelada,Bruno,Trabalhado,,1,0,0,0,0,0,0,0,0,São Paulo,SP,0,1,0,35,3550308,2022,11,Novembro
Terça,29/11/2022,Remota Detronix série portal MCZ internacional + Remota Aerop MCZ + Treinamento CT Online,Diego,Trabalhado,CX6040D,1,2,0,0,0,2,0,1,0,São Paulo,SP,0,0,0,35,3550308,2022,11,Novembro
Quarta,30/11/2022,Treinamento CT Online,Diego,Trabalhado,,1,0,0,0,0,0,0,1,0,São Paulo,SP,0,0,0,35,3550308,2022,11,Novembro
Quinta,01/12/2022,Prev. CDP Suzano 02 HT + Prev CDP Mogi 02 HT + Treinamento CT Online,Diego,Trabalhado,HT2000GA,1,4,80,0,4,0,0,1,0,Mogi das Cruzes,SP,0,0,0,35,3530607,2022,12,Dezembro
Sexta,02/12/2022,Folga Plantão,0,Folga Plantão,,0,0,0,0,0,0,0,0,0,São Paulo,SP,0,0,0,35,3550308,2022,12,Dezembro
Sábado,03/12/2022,Plantão,Plantão,Trabalhado,,1,0,0,0,0,0,0,0,0,São Paulo,SP,0,0,1,35,3550308,2022,12,Dezembro
Domingo,04/12/2022,Plantão,Plantão,Trabalhado,,1,0,0,0,0,0,0,0,0,São Paulo,SP,0,0,1,35,3550308,2022,12,Dezembro
Segunda,05/12/2022,Treinamento CT Online,Diego,Trabalhado,,1,0,0,0,0,0,0,1,0,São Paulo,SP,0,0,0,35,3550308,2022,12,Dezembro
Terça,06/12/2022,reunião 08:30+ SAP Potim 1 e 2 02 HT + SAP SJC 01 HT +  FS Santos,Diego,Trabalhado,HT2000GA,1,4,500,0,3,1,0,0,0,Santos,SP,0,0,0,35,3548500,2022,12,Dezembro
Quarta,07/12/2022,Treinamento CT Online + Papelada,Bruno,Trabalhado,,1,0,0,0,0,0,0,1,0,São Paulo,SP,0,1,0,35,3550308,2022,12,Dezembro
Quinta,08/12/2022,Desinstalação SAP P2 Tremembé,Diego,Trabalhado,HT2000GA,0,1,260,0,0,1,0,0,0,Tremembé,SP,0,0,0,35,3554805,2022,12,Dezembro
Sexta,09/12/2022,Treinamento CT Online + remota Aerop MCZ,Diego,Trabalhado,CX6040D,1,1,0,0,0,1,0,1,0,São Paulo,SP,0,0,0,35,3550308,2022,12,Dezembro
Sábado,10/12/2022,Folga,0,Folga,,0,0,0,0,0,0,0,0,0,São Paulo,SP,0,0,0,35,3550308,2022,12,Dezembro
Domingo,11/12/2022,Folga,0,Folga,,0,0,0,0,0,0,0,0,0,São Paulo,SP,0,0,0,35,3550308,2022,12,Dezembro
Segunda,12/12/2022,Desinstalação CPP Tremembé,Diego,Trabalhado,HT2000GA,0,1,260,0,0,1,0,0,0,Tremembé,SP,0,0,0,35,3554805,2022,12,Dezembro
Terça,13/12/2022,Fábrica Indaiatuba,Diego,Trabalhado,,1,0,280,0,0,0,0,0,0,Indaiatuba,SP,0,0,0,35,3520509,2022,12,Dezembro
Quarta,14/12/2022,Fábrica Carapicuíba + despacho Roberto,Diego,Trabalhado,,2,0,150,0,0,0,0,0,0,Carapicuíba,SP,0,0,0,35,3510609,2022,12,Dezembro
Quinta,15/12/2022,Fábrica Indaiatuba + Treinamento CT,Diego,Trabalhado,,2,0,280,0,0,0,0,1,0,Indaiatuba,SP,0,0,0,35,3520509,2022,12,Dezembro
Sexta,16/12/2022,Fábrica Indaiatuba,Diego,Trabalhado,,1,0,280,0,0,0,0,0,0,Indaiatuba,SP,0,0,0,35,3520509,2022,12,Dezembro
Sábado,17/12/2022,Fábrica Indaiatuba estoque,Diego,Trabalhado,,1,0,280,0,0,0,0,0,0,Indaiatuba,SP,0,0,0,35,3520509,2022,12,Dezembro
Domingo,18/12/2022,Folga,0,Folga,,0,0,0,0,0,0,0,0,0,São Paulo,SP,0,0,0,35,3550308,2022,12,Dezembro
Segunda,19/12/2022,vôo ida CGH - FLN + Imbituba,Ranan,Trabalhado,FS6000,2,0,140,489,0,0,0,0,1,Imbituba,SC,0,0,0,42,4207304,2022,12,Dezembro
Terça,20/12/2022,Imbituba,Ranan,Trabalhado,FS6000,1,0,10,0,0,0,0,0,1,Imbituba,SC,0,0,0,42,4207304,2022,12,Dezembro
Quarta,21/12/2022,Limite CT online + Imbituba,Ranan,Trabalhado,FS6000,1,1,10,0,0,1,0,1,1,Imbituba,SC,0,0,0,42,4207304,2022,12,Dezembro
Quinta,22/12/2022,vôo retorno FLN - CGH,Ranan,Trabalhado,,1,0,140,489,0,0,0,0,1,Imbituba,SC,0,0,0,42,4207304,2022,12,Dezembro
Sexta,23/12/2022,Folga Plantão,0,Folga Plantão,,0,0,0,0,0,0,0,0,0,São Paulo,SP,0,0,0,35,3550308,2022,12,Dezembro
Sábado,24/12/2022,Plantão,Plantão,Trabalhado,,1,0,0,0,0,0,0,0,0,São Paulo,SP,0,0,1,35,3550308,2022,12,Dezembro
Domingo,25/12/2022,Plantão + Feriado Natal,Plantão,Trabalhado,,1,0,0,0,0,0,0,0,0,São Paulo,SP,0,0,1,35,3550308,2022,12,Dezembro
Segunda,26/12/2022,Corretiva FS Santos,Ranan,Trabalhado,FS6000,0,1,180,0,0,1,0,0,0,Santos,SP,0,0,0,35,3548500,2022,12,Dezembro
Terça,27/12/2022,Desinstalação Feminina Santana com alex guarulhos,Diego,Trabalhado,HT2000GA,1,0,90,0,0,0,0,0,0,São Paulo,SP,0,0,0,35,3550308,2022,12,Dezembro
Quarta,28/12/2022,papelada escritorio + Câmera fábrica Indaiatuba + procurar soquete sensor massa,Ranan,Trabalhado,,3,0,280,0,0,0,0,0,0,Indaiatuba,SP,0,1,0,35,3520509,2022,12,Dezembro
Quinta,29/12/2022,Despacho camera walter,Ranan,Trabalhado,,1,0,100,0,0,0,0,0,0,Guarulhos,SP,0,0,0,35,3518800,2022,12,Dezembro
Sexta,30/12/2022,Alinhamento folgas banco com Tuanny + corretiva penitenciária Adriano Marrey,Diego,Trabalhado,HT2000GA,1,1,100,0,0,1,0,0,0,Guarulhos,SP,0,0,0,35,3518800,2022,12,Dezembro
Sábado,31/12/2022,Folga,0,Folga,,0,0,0,0,0,0,0,0,0,São Paulo,SP,0,0,0,35,3550308,2022,12,Dezembro
Domingo,01/01/2023,Ano novo,0,Feriado,,0,0,0,0,0,0,0,0,0,São Paulo,SP,0,0,0,35,3550308,2023,1,Janeiro
Segunda,02/01/2023,Folga Banco,0,Folga Banco,,0,0,0,0,0,0,0,0,0,São Paulo,SP,0,0,0,35,3550308,2023,1,Janeiro
Terça,03/01/2023,Folga Banco,0,Folga Banco,,0,0,0,0,0,0,0,0,0,São Paulo,SP,0,0,0,35,3550308,2023,1,Janeiro
Quarta,04/01/2023,Folga Banco,0,Folga Banco,,0,0,0,0,0,0,0,0,0,São Paulo,SP,0,0,0,35,3550308,2023,1,Janeiro
Quinta,05/01/2023,Folga Banco,0,Folga Banco,,0,0,0,0,0,0,0,0,0,São Paulo,SP,0,0,0,35,3550308,2023,1,Janeiro
Sexta,06/01/2023,Folga Banco,0,Folga Banco,,0,0,0,0,0,0,0,0,0,São Paulo,SP,0,0,0,35,3550308,2023,1,Janeiro
sábado,07/01/2023,Folga,0,Folga,,0,0,0,0,0,0,0,0,0,São Paulo,SP,0,0,0,35,3550308,2023,1,Janeiro
Domingo,08/01/2023,Folga,0,Folga,,0,0,0,0,0,0,0,0,0,São Paulo,SP,0,0,0,35,3550308,2023,1,Janeiro
Segunda,09/01/2023,Folga Banco,0,Folga Banco,,0,0,0,0,0,0,0,0,0,São Paulo,SP,0,0,0,35,3550308,2023,1,Janeiro
Terça,10/01/2023,Folga Banco,0,Folga Banco,,0,0,0,0,0,0,0,0,0,São Paulo,SP,0,0,0,35,3550308,2023,1,Janeiro
Quarta,11/01/2023,Folga Banco,0,Folga Banco,,0,0,0,0,0,0,0,0,0,São Paulo,SP,0,0,0,35,3550308,2023,1,Janeiro
Quinta,12/01/2023,Folga Banco,0,Folga Banco,,0,0,0,0,0,0,0,0,0,São Paulo,SP,0,0,0,35,3550308,2023,1,Janeiro
Sexta,13/01/2023,Folga Banco,0,Folga Banco,,0,0,0,0,0,0,0,0,0,São Paulo,SP,0,0,0,35,3550308,2023,1,Janeiro
sábado,14/01/2023,Folga,0,Folga,,0,0,0,0,0,0,0,0,0,São Paulo,SP,0,0,0,35,3550308,2023,1,Janeiro
Domingo,15/01/2023,Folga,0,Folga,,0,0,0,0,0,0,0,0,0,São Paulo,SP,0,0,0,35,3550308,2023,1,Janeiro
Segunda,16/01/2023,Remota Compajaf + alinhamento GRU Kylin,Paulinele,Trabalhado,HT2000GA,1,1,0,0,0,1,0,0,0,São Paulo,SP,0,0,0,35,3550308,2023,1,Janeiro
Terça,17/01/2023,Credencial + Desmontagem Kylin,Paulinele,Trabalhado,Kylin,2,0,100,0,0,0,0,0,0,Guarulhos,SP,0,0,0,35,3518800,2023,1,Janeiro
Quarta,18/01/2023,Desmontagem Kylin,Paulinele,Trabalhado,Kylin,1,0,100,0,0,0,0,0,0,Guarulhos,SP,0,0,0,35,3518800,2023,1,Janeiro
Quinta,19/01/2023,Remota Compajaf,Diego,Trabalhado,HT2000GA,0,1,0,0,0,1,0,0,0,São Paulo,SP,0,0,0,35,3550308,2023,1,Janeiro
Sexta,20/01/2023,Folga Plantão,0,Folga Plantão,,0,0,0,0,0,0,0,0,0,São Paulo,SP,0,0,0,35,3550308,2023,1,Janeiro
sábado,21/01/2023,Plantão,Plantão,Trabalhado,,1,0,0,0,0,0,0,0,0,São Paulo,SP,0,0,1,35,3550308,2023,1,Janeiro
Domingo,22/01/2023,Plantão,Plantão,Trabalhado,,1,0,0,0,0,0,0,0,0,São Paulo,SP,0,0,1,35,3550308,2023,1,Janeiro
Segunda,23/01/2023,Desmobilização e preventiva CPP Hortolândia + Desmobilização Kylin e MW1000 GRU,Diego,Trabalhado,MW1000,0,4,310,0,1,3,0,0,0,Hortolândia,SP,0,0,0,35,3519071,2023,1,Janeiro
Terça,24/01/2023,Treinamento FS Ranan,Ranan,Trabalhado,FS6000,1,0,0,0,0,0,0,1,0,Santos,SP,0,0,0,35,3548500,2023,1,Janeiro
Quarta,25/01/2023,Fábrica as 09:00,Diego,Trabalhado,,1,0,280,0,0,0,0,0,0,Indaiatuba,SP,0,0,0,35,3520509,2023,1,Janeiro
Quinta,26/01/2023,Fábrica as 09:00,Diego,Trabalhado,,1,0,280,0,0,0,0,0,0,Indaiatuba,SP,0,0,0,35,3520509,2023,1,Janeiro
Sexta,27/01/2023,Desmobilização Penitenciária Joaquim Sylos Cintra 02 HT com preventiva,Diego,Trabalhado,HT2000GA,0,4,520,0,2,2,0,0,0,Casa Branca,SP,0,0,0,35,3510807,2023,1,Janeiro
sábado,28/01/2023,Folga,0,Folga,,0,0,0,0,0,0,0,0,0,São Paulo,SP,0,0,0,35,3550308,2023,1,Janeiro
Domingo,29/01/2023,Folga,0,Folga,,0,0,0,0,0,0,0,0,0,São Paulo,SP,0,0,0,35,3550308,2023,1,Janeiro
Segunda,30/01/2023,Alinhamento MCZ com cliente + remota TR1000QC Natal,Diego,Trabalhado,TR1000QC,1,1,0,0,0,1,0,0,0,São Paulo,SP,0,0,0,35,3550308,2023,1,Janeiro
Terça,31/01/2023,Vôo VCP - BSB - MCZ,Diego,Trabalhado,,1,0,280,2040,0,0,0,0,1,Maceió,AL,0,0,0,27,2704302,2023,1,Janeiro
Quarta,01/02/2023,Instalação Ax5000 Maceió as 09:00 + credenciamento,Diego,Trabalhado,AX5000,2,0,50,0,0,0,1,0,1,Maceió,AL,0,0,0,27,2704302,2023,2,Fevereiro
Quinta,02/02/2023,Feriado Indaiatuba + Papelada Correios + Banco Brasil Jin + Credenciamento MCZ + Instalação MCZ,Diego,Trabalhado,AX5000,4,0,60,0,0,0,1,0,1,Maceió,AL,1,1,0,27,2704302,2023,2,Fevereiro
Sexta,03/02/2023,Instalação MCZ,Diego,Trabalhado,AX5000,1,0,50,0,0,0,1,0,1,Maceió,AL,0,0,0,27,2704302,2023,2,Fevereiro
Sábado,04/02/2023,Folga,0,Folga,,0,0,0,0,0,0,0,0,1,Maceió,AL,0,0,0,27,2704302,2023,2,Fevereiro
Domingo,05/02/2023,Folga,0,Folga,,0,0,0,0,0,0,0,0,1,Maceió,AL,0,0,0,27,2704302,2023,2,Fevereiro
Segunda,06/02/2023,MCZ + vôo MCZ - REC - NAT,Diego,Trabalhado,,2,0,50,560,0,0,1,0,1,Maceió,AL,0,0,0,27,2704302,2023,2,Fevereiro
Terça,07/02/2023,Corr. ETD aerop Natal + preventiva TJRN,Diego,Trabalhado,TR2000DC,0,2,50,0,1,1,0,0,1,Maceió,AL,0,0,0,27,2704302,2023,2,Fevereiro
Quarta,08/02/2023,Corr. ETD Aerop Natal,Diego,Trabalhado,TR2000DC,1,0,50,0,0,0,0,0,1,Maceió,AL,0,0,0,27,2704302,2023,2,Fevereiro
Quinta,09/02/2023,vôo NAT - REC - MCZ,Diego,Trabalhado,,1,0,50,560,0,0,0,0,1,Maceió,AL,0,0,0,27,2704302,2023,2,Fevereiro
Sexta,10/02/2023,Aeroporto Maceió instalação 100100D BHS,Diego,Trabalhado,CX100100D,1,0,50,0,0,0,1,0,1,Maceió,AL,0,0,0,27,2704302,2023,2,Fevereiro
Sábado,11/02/2023,Cadeia segurança máxima de Maceió  instalação 01 CX6040BI e 01 HT2000GA,Diego,Trabalhado,CX6040BI,0,2,40,0,0,0,1,0,1,Maceió,AL,1,0,0,27,2704302,2023,2,Fevereiro
Domingo,12/02/2023,Cadeia segurança máxima de Maceió  instalação 01 CX6040BI e 01 HT2000GA,Diego,Trabalhado,HT2000GA,2,0,40,0,0,0,1,0,1,Maceió,AL,1,0,0,27,2704302,2023,2,Fevereiro
Segunda,13/02/2023,Aeroporto Maceió + docs cadeia Maceió,Diego,Trabalhado,HT2000GA,2,0,60,0,0,0,1,0,1,Maceió,AL,0,0,0,27,2704302,2023,2,Fevereiro
Terça,14/02/2023,Aeroporto Maceió + treinamento HT cadeia Maceió,Diego,Trabalhado,HT2000GA,2,0,60,0,0,0,0,1,1,Maceió,AL,0,0,0,27,2704302,2023,2,Fevereiro
Quarta,15/02/2023,Aeroporto Maceió + treinamento HT cadeia Maceió + troca hotel,Diego,Trabalhado,HT2000GA,3,0,70,0,0,0,0,1,1,Maceió,AL,0,0,0,27,2704302,2023,2,Fevereiro
Quinta,16/02/2023,Aeroporto Maceió,Diego,Trabalhado,CX6040D,1,0,50,0,0,0,1,0,1,Maceió,AL,0,0,0,27,2704302,2023,2,Fevereiro
Sexta,17/02/2023,Aeroporto Maceió,Diego,Trabalhado,CX6040D,1,0,50,0,0,0,1,0,1,Maceió,AL,0,0,0,27,2704302,2023,2,Fevereiro
Sábado,18/02/2023,vôo retorno MCZ - CFN - GRU,Diego,Trabalhado,,1,0,70,2096,0,0,0,0,1,Maceió,AL,0,0,0,27,2704302,2023,2,Fevereiro
Domingo,19/02/2023,Folga,0,Folga,,0,0,0,0,0,0,0,0,0,São Paulo,SP,0,0,0,35,3550308,2023,2,Fevereiro
Segunda,20/02/2023,Carnaval,0,Feriado,,0,0,0,0,0,0,0,0,0,São Paulo,SP,0,0,0,35,3550308,2023,2,Fevereiro
Terça,21/02/2023,Carnaval,0,Feriado,,0,0,0,0,0,0,0,0,0,São Paulo,SP,0,0,0,35,3550308,2023,2,Fevereiro
Quarta,22/02/2023,Papelada + Remota ETD Natal + suporte Jin em Maceió,Paulinele,Trabalhado,TR2000DC,2,1,0,0,0,1,0,0,0,São Paulo,SP,0,1,0,35,3550308,2023,2,Fevereiro
Quinta,23/02/2023,Desmobilização CPP Campinas Ataliba Nogueira com Rogério,Diego,Trabalhado,HT2000GA,1,0,270,0,0,1,0,0,0,Campinas,SP,0,0,0,35,3509502,2023,2,Fevereiro
Sexta,24/02/2023,,0,Sem Atividade,,0,0,0,0,0,0,0,0,0,São Paulo,SP,0,0,0,35,3550308,2023,2,Fevereiro
Sábado,25/02/2023,Folga,0,Folga,,0,0,0,0,0,0,0,0,0,São Paulo,SP,0,0,0,35,3550308,2023,2,Fevereiro
Domingo,26/02/2023,Remota Romão Gomes,Bruno,Trabalhado,HT2100DV,0,1,0,0,0,1,0,0,0,São Paulo,SP,0,0,0,35,3550308,2023,2,Fevereiro
Segunda,27/02/2023,Papelada,Bruno,Trabalhado,,1,0,0,0,0,0,0,0,0,São Paulo,SP,0,1,0,35,3550308,2023,2,Fevereiro
Terça,28/02/2023,Preventiva Casa Bela Vista,Diego,Trabalhado,HT2000GA,0,1,65,0,1,0,0,0,0,São Paulo,SP,0,0,0,35,3550308,2023,2,Fevereiro
Quarta,01/03/2023,Corretiva Banco Safra as 07:00,Diego,Trabalhado,CX6040BI,0,1,60,0,0,1,0,0,0,São Paulo,SP,0,0,0,35,3550308,2023,3,Março
Quinta,02/03/2023,Preventiva Casa Itaquera + e-mail horas deslocamento + vôo ida CGH - BSB - PVH,Diego,Trabalhado,HT2000GA,2,1,70,2808,1,0,0,0,1,Porto Velho,RO,0,0,0,11,1100205,2023,3,Março
Sexta,03/03/2023,Justiça federal de Porto velho corretiva 5030,Diego,Trabalhado,CX5030T,0,1,20,0,0,1,0,0,1,Porto Velho,RO,0,0,0,11,1100205,2023,3,Março
Sábado,04/03/2023,Justiça federal de Porto velho corretiva 5030,Diego,Trabalhado,CX5030T,1,0,20,0,0,0,0,0,1,Porto Velho,RO,0,0,0,11,1100205,2023,3,Março
Domingo,05/03/2023,Folga,0,Folga,,0,0,0,0,0,0,0,0,1,Porto Velho,RO,0,0,0,11,1100205,2023,3,Março
Segunda,06/03/2023,Justiça federal de Porto velho Preventiva 5030 + Prev. Depen Porto velho entrada não autorizada,Diego,Trabalhado,CX5030T,1,1,150,0,1,0,0,0,1,Porto Velho,RO,0,0,0,11,1100205,2023,3,Março
Terça,07/03/2023,Preventiva Depen Porto velho as 10:00H + Vôo retorno PVH - GRU,Diego,Trabalhado,CX100100D,1,1,160,2474,1,0,0,0,1,Porto Velho,RO,0,0,0,11,1100205,2023,3,Março
Quarta,08/03/2023,Papelada,Bruno,Trabalhado,,1,0,0,0,0,0,0,0,0,São Paulo,SP,0,1,0,35,3550308,2023,3,Março
Quinta,09/03/2023,Papelada,Bruno,Trabalhado,,1,0,0,0,0,0,0,0,0,São Paulo,SP,0,1,0,35,3550308,2023,3,Março
Sexta,10/03/2023,Remota HT Pen. Seg. Máxima Maceió,Bruno,Trabalhado,HT2000GA,0,1,0,0,0,1,0,0,0,São Paulo,SP,0,0,0,35,3550308,2023,3,Março
Sábado,11/03/2023,Folga,0,Folga,,0,0,0,0,0,0,0,0,0,São Paulo,SP,0,0,0,35,3550308,2023,3,Março
Domingo,12/03/2023,Folga,0,Folga,,0,0,0,0,0,0,0,0,0,São Paulo,SP,0,0,0,35,3550308,2023,3,Março
Segunda,13/03/2023,Preventiva Teca azul GRU,Diego,Trabalhado,CX100100TI,0,1,100,0,1,0,0,0,0,Guarulhos,SP,0,0,0,35,3518800,2023,3,Março
Terça,14/03/2023,vôo ida GRU - CWB + Desmobilização e instalação 03 HT Complexo Piraquara com Fábio Barbosa,Diego,Trabalhado,HT2000GA,1,1,50,359,0,0,1,0,1,São José dos Pinhais,PR,0,0,0,41,4125506,2023,3,Março
Quarta,15/03/2023,Desmobilização e instalação 03 HT Complexo Piraquara com Fábio Barbosa,Diego,Trabalhado,HT2000GA,1,0,0,0,0,0,1,0,1,São José dos Pinhais,PR,0,0,0,41,4125506,2023,3,Março
Quinta,16/03/2023,Operação assistida Complexo Piraquara,Diego,Trabalhado,HT2000GA,0,1,0,0,0,0,1,0,1,São José dos Pinhais,PR,0,0,0,41,4125506,2023,3,Março
Sexta,17/03/2023,Operação assistida Complexo Piraquara,Diego,Trabalhado,HT2000GA,1,0,0,0,0,0,0,1,1,São José dos Pinhais,PR,0,0,0,41,4125506,2023,3,Março
Sábado,18/03/2023,Operação assistida Complexo Piraquara,Diego,Trabalhado,HT2000GA,1,0,0,0,0,0,0,1,1,São José dos Pinhais,PR,0,0,0,41,4125506,2023,3,Março
Domingo,19/03/2023,Operação assistida Complexo Piraquara + relatório Fábio Barbosa + vôo retorno CWB - CGH,Diego,Trabalhado,HT2000GA,2,1,110,359,0,0,0,1,1,São José dos Pinhais,PR,0,0,0,41,4125506,2023,3,Março
Segunda,20/03/2023,Férias + Papelada,0,Férias,,1,0,0,0,0,0,0,0,0,São Paulo,SP,0,1,0,35,3550308,2023,3,Março
Terça,21/03/2023,Férias,0,Férias,,0,0,0,0,0,0,0,0,0,São Paulo,SP,0,0,0,35,3550308,2023,3,Março
Quarta,22/03/2023,Férias,0,Férias,,0,0,0,0,0,0,0,0,0,São Paulo,SP,0,0,0,35,3550308,2023,3,Março
Quinta,23/03/2023,Férias,0,Férias,,0,0,0,0,0,0,0,0,0,São Paulo,SP,0,0,0,35,3550308,2023,3,Março
Sexta,24/03/2023,Férias,0,Férias,,0,0,0,0,0,0,0,0,0,São Paulo,SP,0,0,0,35,3550308,2023,3,Março
Sábado,25/03/2023,Férias,0,Férias,,0,0,0,0,0,0,0,0,0,São Paulo,SP,0,0,0,35,3550308,2023,3,Março
Domingo,26/03/2023,Férias,0,Férias,,0,0,0,0,0,0,0,0,0,São Paulo,SP,0,0,0,35,3550308,2023,3,Março
Segunda,27/03/2023,Férias,0,Férias,,0,0,0,0,0,0,0,0,0,São Paulo,SP,0,0,0,35,3550308,2023,3,Março
Terça,28/03/2023,Férias,0,Férias,,0,0,0,0,0,0,0,0,0,São Paulo,SP,0,0,0,35,3550308,2023,3,Março
Quarta,29/03/2023,Férias,0,Férias,,0,0,0,0,0,0,0,0,0,São Paulo,SP,0,0,0,35,3550308,2023,3,Março
Quinta,30/03/2023,Férias,0,Férias,,0,0,0,0,0,0,0,0,0,São Paulo,SP,0,0,0,35,3550308,2023,3,Março
Sexta,31/03/2023,Férias,0,Férias,,0,0,0,0,0,0,0,0,0,São Paulo,SP,0,0,0,35,3550308,2023,3,Março
Sábado,01/04/2023,Férias,0,Férias,,0,0,0,0,0,0,0,0,0,São Paulo,SP,0,0,0,35,3550308,2023,4,Abril
Domingo,02/04/2023,Férias,0,Férias,,0,0,0,0,0,0,0,0,0,São Paulo,SP,0,0,0,35,3550308,2023,4,Abril
Segunda,03/04/2023,Férias,0,Férias,,0,0,0,0,0,0,0,0,0,São Paulo,SP,0,0,0,35,3550308,2023,4,Abril
Terça,04/04/2023,Plantão FS + Fábrica,Barbosa,Trabalhado,,2,0,280,0,0,0,0,0,0,Indaiatuba,SP,0,0,1,35,3520509,2023,4,Abril
Quarta,05/04/2023,Plantão FS + correios Leopoldina 2SS as 09:00 + Despacho peça Sérgio,Diego,Trabalhado,CX100100D,2,1,150,0,0,1,0,0,0,São Paulo,SP,0,0,1,35,3550308,2023,4,Abril
Quinta,06/04/2023,Plantão FS + prev Romão Gomes 01 HT2100DV + prev CDHU 1 e 2 02 5030 + Prev Min. Fazenda 02 6040,Diego,Trabalhado,HT2100DV,1,5,90,0,5,0,0,0,0,São Paulo,SP,0,0,1,35,3550308,2023,4,Abril
Sexta,07/04/2023,Sexta Santa,0,Feriado,,0,0,0,0,0,0,0,0,0,São Paulo,SP,0,0,0,35,3550308,2023,4,Abril
Sábado,08/04/2023,Folga,0,Folga,,0,0,0,0,0,0,0,0,0,São Paulo,SP,0,0,0,35,3550308,2023,4,Abril
Domingo,09/04/2023,Folga,0,Folga,,0,0,0,0,0,0,0,0,0,São Paulo,SP,0,0,0,35,3550308,2023,4,Abril
Segunda,10/04/2023,Suporte ETD Anderson + Papelada,Bruno,Trabalhado,,2,0,0,0,0,0,0,0,0,São Paulo,SP,0,1,0,35,3550308,2023,4,Abril
Terça,11/04/2023,Suporte Plugin usuário Anderson,Bruno,Trabalhado,,1,0,0,0,0,0,0,0,0,São Paulo,SP,0,0,0,35,3550308,2023,4,Abril
Quarta,12/04/2023,Corretiva Casa vila Guilherme,Diego,Trabalhado,HT2000GA,0,1,60,0,0,1,0,0,0,São Paulo,SP,0,0,0,35,3550308,2023,4,Abril
Quinta,13/04/2023,Doc CNEN Paulo + alinhamento viagem Porto Alegre,Ranan,Trabalhado,,2,0,0,0,0,0,0,0,0,São Paulo,SP,0,0,0,35,3550308,2023,4,Abril
Sexta,14/04/2023,Retirada rolete 100100 fábrica + atendimento bhs GRU 01 100100D,Diego,Trabalhado,CX100100D,1,1,150,0,0,1,0,0,0,Indaiatuba,SP,0,0,0,35,3520509,2023,4,Abril
Sábado,15/04/2023,Plantão + Finalização atendimento GRU + prev. 02 100100D BHS GRU,Diego,Trabalhado,CX100100D,1,2,100,0,2,0,0,0,0,Guarulhos,SP,0,0,1,35,3518800,2023,4,Abril
Domingo,16/04/2023,Plantão,Plantão,Trabalhado,,1,0,0,0,0,0,0,0,0,São Paulo,SP,0,0,1,35,3550308,2023,4,Abril
Segunda,17/04/2023,Folga Plantão transferida devido atendimento emergêncial GRU em 14/04/2023,0,Folga Plantão,,0,0,0,0,0,0,0,0,0,São Paulo,SP,0,0,0,35,3550308,2023,4,Abril
Terça,18/04/2023,Devolução rolete 100100 fábrica + teste troca esteira 100100 + retirada peça Emerson,Diego,Trabalhado,CX100100TI,3,0,280,0,0,0,0,0,0,Indaiatuba,SP,0,0,0,35,3520509,2023,4,Abril
Quarta,19/04/2023,"peça Emerson + prev. Casa João Pulo, Ouro Preto, Gaivotas e Chiquinha Gonzaga 04 ht2000ga",Diego,Trabalhado,HT2000GA,1,4,100,0,4,0,0,0,0,São Paulo,SP,0,0,0,35,3550308,2023,4,Abril
Quinta,20/04/2023,Fábrica teste placas e Pc VMI + teste HT Walter + carona Tuanny,Barbosa,Trabalhado,CX100100D,3,0,300,0,0,0,0,0,0,Indaiatuba,SP,0,0,0,35,3520509,2023,4,Abril
Sexta,21/04/2023,TIradentes,0,Feriado,,0,0,0,0,0,0,0,0,0,São Paulo,SP,0,0,0,35,3550308,2023,4,Abril
Sábado,22/04/2023,Folga,0,Folga,,0,0,0,0,0,0,0,0,0,São Paulo,SP,0,0,0,35,3550308,2023,4,Abril
Domingo,23/04/2023,Folga,0,Folga,,0,0,0,0,0,0,0,0,0,São Paulo,SP,0,0,0,35,3550308,2023,4,Abril
Segunda,24/04/2023,FC Arujá e Lorena,Diego,Trabalhado,HT2000GA,0,2,380,0,2,0,0,0,0,Lorena,SP,0,0,0,35,3527207,2023,4,Abril
Terça,25/04/2023,Ligação Piraquara (Hugo foi atender),Ranan,Trabalhado,HT2000GA,1,0,0,0,0,0,0,0,0,São Paulo,SP,0,0,0,35,3550308,2023,4,Abril
Quarta,26/04/2023,Processo Carapicuíba as 09:00,Barbosa,Trabalhado,,1,0,120,0,0,0,0,0,0,Carapicuíba,SP,0,0,0,35,3510609,2023,4,Abril
Quinta,27/04/2023,,0,Sem Atividade,,0,0,0,0,0,0,0,0,0,São Paulo,SP,0,0,0,35,3550308,2023,4,Abril
Sexta,28/04/2023,Prev Casa Taubaté,Diego,Trabalhado,HT2000GA,0,1,260,0,1,0,0,0,0,Taubaté,SP,0,0,0,35,3554102,2023,4,Abril
Sábado,29/04/2023,Folga,0,Folga,,0,0,0,0,0,0,0,0,0,São Paulo,SP,0,0,0,35,3550308,2023,4,Abril
Domingo,30/04/2023,Folga,0,Folga,,0,0,0,0,0,0,0,0,0,São Paulo,SP,0,0,0,35,3550308,2023,4,Abril
Segunda,01/05/2023,Dia do Trabalho,0,Feriado,,0,0,0,0,0,0,0,0,0,São Paulo,SP,0,0,0,35,3550308,2023,5,Maio
Terça,02/05/2023,Alinhamento viagem POA,Ranan,Trabalhado,,1,0,0,0,0,0,0,0,0,São Paulo,SP,0,0,0,35,3550308,2023,5,Maio
Quarta,03/05/2023,Casa Chiquinha Gonzaga + Casa Bela vista /Mario covas + Casa nova vida / ouro preto,Diego,Trabalhado,HT2000GA,0,3,70,0,3,0,0,0,0,São Paulo,SP,0,0,0,35,3550308,2023,5,Maio
Quinta,04/05/2023,suporte remoto Anderson (recife ),Bruno,Trabalhado,,1,0,0,0,0,0,0,0,0,São Paulo,SP,0,0,0,35,3550308,2023,5,Maio
Sexta,05/05/2023,exame periódico em SP + preventiva Vivara + docs ADM serviços,Diego,Trabalhado,CX6040BI,2,1,90,0,1,0,0,0,0,São Paulo,SP,0,0,0,35,3550308,2023,5,Maio
Sábado,06/05/2023,Folga,0,Folga,,0,0,0,0,0,0,0,0,0,São Paulo,SP,0,0,0,35,3550308,2023,5,Maio
Domingo,07/05/2023,Folga,0,Folga,,0,0,0,0,0,0,0,0,0,São Paulo,SP,0,0,0,35,3550308,2023,5,Maio
Segunda,08/05/2023,vôo ida GRU - POA,Ranan,Trabalhado,,1,0,70,920,0,0,0,0,1,Porto Alegre,RS,0,0,0,43,4314902,2023,5,Maio
Terça,09/05/2023,Instalação e treinamento 01 6040BI pen. encruzilhada do sul,Ranan,Trabalhado,CX6040BI,1,1,350,0,0,0,1,1,1,Encruzilhada do Sul,RS,0,0,0,43,4306908,2023,5,Maio
Quarta,10/05/2023,Instalação e treinamento 01 6040BI pres. estadual Camaquã,Ranan,Trabalhado,CX6040BI,1,1,260,0,0,0,1,1,1,Camaquã,RS,0,0,0,43,4303509,2023,5,Maio
Quinta,11/05/2023,vôo retorno POA - GRU,Ranan,Trabalhado,,1,0,70,920,0,0,0,0,1,Porto Alegre,RS,0,0,0,43,4314902,2023,5,Maio
Sexta,12/05/2023,Suporte remoto Jean,Bruno,Trabalhado,,1,0,0,0,0,0,0,0,0,São Paulo,SP,0,0,0,35,3550308,2023,5,Maio
Sábado,13/05/2023,Folga,0,Folga,,0,0,0,0,0,0,0,0,0,São Paulo,SP,0,0,0,35,3550308,2023,5,Maio
Domingo,14/05/2023,Folga,0,Folga,,0,0,0,0,0,0,0,0,0,São Paulo,SP,0,0,0,35,3550308,2023,5,Maio
Segunda,15/05/2023,Treinamento Fábrica + suporte remoto Anderson + vôo ida VCP - NVT,Ranan,Trabalhado,,3,0,150,456,0,0,0,1,1,Itajaí,SC,0,0,0,42,4208203,2023,5,Maio
Terça,16/05/2023,corretiva Itajaí,Ranan,Trabalhado,FS6000,0,1,40,0,0,1,0,0,1,Itajaí,SC,0,0,0,42,4208203,2023,5,Maio
Quarta,17/05/2023,Vôo retorno NVT - GRU + ida Uber VCP,Barbosa,Trabalhado,,2,0,260,442,0,0,0,0,1,Itajaí,SC,0,0,0,42,4208203,2023,5,Maio
Quinta,18/05/2023,Treinamento Fábrica,Barbosa,Trabalhado,,1,0,10,0,0,0,0,1,1,Indaiatuba,SP,0,0,0,35,3520509,2023,5,Maio
Sexta,19/05/2023,Treinamento Fábrica,Barbosa,Trabalhado,,1,0,150,0,0,0,0,1,1,Indaiatuba,SP,0,0,0,35,3520509,2023,5,Maio
Sábado,20/05/2023,Folga,0,Folga,,0,0,0,0,0,0,0,0,0,São Paulo,SP,0,0,0,35,3550308,2023,5,Maio
Domingo,21/05/2023,Folga,0,Folga,,0,0,0,0,0,0,0,0,0,São Paulo,SP,0,0,0,35,3550308,2023,5,Maio
Segunda,22/05/2023,Revisão TR2000DC + corretiva Casa Cantareira,Fábio Santos,Trabalhado,TR2000DC,1,1,60,0,0,1,0,1,0,Guarulhos,SP,0,0,0,35,3518800,2023,5,Maio
Terça,23/05/2023,Treinamento Fábrica + retirada tubo André + Remota Fórum Rio grande - RS,Diego,Trabalhado,CX6040BI,2,1,300,0,0,1,0,1,0,Indaiatuba,SP,0,0,0,35,3520509,2023,5,Maio
Quarta,24/05/2023,entrega tubo André + vôo ida GRU - MCP,Paulinele,Trabalhado,,2,0,100,2680,0,0,0,0,1,Macapá,AP,0,0,0,16,1600303,2023,5,Maio
Quinta,25/05/2023,Macapá = Custódia especial prev e corr.  + pen. Feminina prev. e corr. + pen. Masculina prev. 03 6040,Paulinele,Trabalhado,CX6040BI,0,7,60,0,5,2,0,0,1,Macapá,AP,0,0,0,16,1600303,2023,5,Maio
Sexta,26/05/2023,Macapá = anexo prev. e corr. + pen. Masculina corr. 03 0640 + email O.S's,Paulinele,Trabalhado,CX6040BI,1,5,60,0,1,4,0,0,1,Macapá,AP,0,0,0,16,1600303,2023,5,Maio
Sábado,27/05/2023,Voo retorno MCP - GRU,Paulinele,Trabalhado,,1,0,70,2680,0,0,0,0,1,Macapá,AP,0,0,0,16,1600303,2023,5,Maio
Domingo,28/05/2023,Folga,0,Folga,,0,0,0,0,0,0,0,0,0,São Paulo,SP,0,0,0,35,3550308,2023,5,Maio
Segunda,29/05/2023,Papelada,Bruno,Trabalhado,,1,0,0,0,0,0,0,0,0,São Paulo,SP,0,1,0,35,3550308,2023,5,Maio
Terça,30/05/2023,Estudos CT,Bruno,Trabalhado,,1,0,0,0,0,0,0,1,0,São Paulo,SP,0,0,0,35,3550308,2023,5,Maio
Quarta,31/05/2023,Remota PMERJ + suporte Anderson Recife,Diego,Trabalhado,CX5030T,2,1,0,0,0,1,0,0,0,São Paulo,SP,0,0,0,35,3550308,2023,5,Maio
Quinta,01/06/2023,prev. casa santo André 1 e 2 + são Bernardo 1 e 2 + Mauá + Diadema,Fábio Santos,Trabalhado,HT2000GA,0,6,120,0,6,0,0,0,0,Diadema,SP,0,0,0,35,3513801,2023,6,Junho
Sexta,02/06/2023,Folga Plantão,0,Folga Plantão,,0,0,0,0,0,0,0,0,0,São Paulo,SP,0,0,0,35,3550308,2023,6,Junho
Sábado,03/06/2023,Plantão,Plantão,Trabalhado,,1,0,0,0,0,0,0,0,0,São Paulo,SP,0,0,1,35,3550308,2023,6,Junho
Domingo,04/06/2023,Plantão + Corretiva Casa Snt André 1,Plantão,Trabalhado,HT2000GA,1,1,100,0,0,1,0,0,0,Santo André,SP,0,0,1,35,3547809,2023,6,Junho
Segunda,05/06/2023,Jadlog prev e corr 02 6040 + sup. Rogério,Fábio Santos,Trabalhado,CX6040BI,1,4,100,0,1,1,0,0,0,São Paulo,SP,0,0,0,35,3550308,2023,6,Junho
Terça,06/06/2023,ML SBC prev 04 100100D,Fábio Santos,Trabalhado,CX100100D,0,4,100,0,4,0,0,0,0,São Bernardo do Campo,SP,0,0,0,35,3548708,2023,6,Junho
Quarta,07/06/2023,Prev. casa bela vista + casa belem + papelada + perda dosímetro,Fábio Santos,Trabalhado,HT2000GA,2,2,60,0,2,0,0,0,0,São Paulo,SP,0,1,0,35,3550308,2023,6,Junho
Quinta,08/06/2023,Corpus Christi,0,Feriado,,0,0,0,0,0,0,0,0,0,São Paulo,SP,0,0,0,35,3550308,2023,6,Junho
Sexta,09/06/2023,Folga Banco,0,Folga Banco,,0,0,0,0,0,0,0,0,0,São Paulo,SP,0,0,0,35,3550308,2023,6,Junho
Sábado,10/06/2023,Folga,0,Folga,,0,0,0,0,0,0,0,0,0,São Paulo,SP,0,0,0,35,3550308,2023,6,Junho
Domingo,11/06/2023,Folga,0,Folga,,0,0,0,0,0,0,0,0,0,São Paulo,SP,0,0,0,35,3550308,2023,6,Junho
Segunda,12/06/2023,Folga Banco,0,Folga Banco,,0,0,0,0,0,0,0,0,0,São Paulo,SP,0,0,0,35,3550308,2023,6,Junho
Terça,13/06/2023,Folga Banco,0,Folga Banco,,0,0,0,0,0,0,0,0,0,São Paulo,SP,0,0,0,35,3550308,2023,6,Junho
Quarta,14/06/2023,Folga Banco,0,Folga Banco,,0,0,0,0,0,0,0,0,0,São Paulo,SP,0,0,0,35,3550308,2023,6,Junho
Quinta,15/06/2023,Folga Banco + carta dosímetro,0,Folga Banco,,1,0,0,0,0,0,0,0,0,São Paulo,SP,0,0,0,35,3550308,2023,6,Junho
Sexta,16/06/2023,Folga Banco,0,Folga Banco,,0,0,0,0,0,0,0,0,0,São Paulo,SP,0,0,0,35,3550308,2023,6,Junho
Sábado,17/06/2023,Folga,0,Folga,,0,0,0,0,0,0,0,0,0,São Paulo,SP,0,0,0,35,3550308,2023,6,Junho
Domingo,18/06/2023,Folga,0,Folga,,0,0,0,0,0,0,0,0,0,São Paulo,SP,0,0,0,35,3550308,2023,6,Junho
Segunda,19/06/2023,Folga Banco + sup. Anderson,0,Folga Banco,,1,0,0,0,0,0,0,0,0,São Paulo,SP,0,0,0,35,3550308,2023,6,Junho
Terça,20/06/2023,Folga banco horas + reunião 09:00,Fábio Santos,Trabalhado,,1,0,0,0,0,0,0,0,0,São Paulo,SP,0,0,0,35,3550308,2023,6,Junho
Quarta,21/06/2023,Folga Banco,0,Folga Banco,,0,0,0,0,0,0,0,0,0,São Paulo,SP,0,0,0,35,3550308,2023,6,Junho
Quinta,22/06/2023,Barbosa fábrica,Bruno,Trabalhado,,1,0,300,0,0,0,0,0,0,Indaiatuba,SP,0,0,0,35,3520509,2023,6,Junho
Sexta,23/06/2023,My maps Audrey + Remota aerop. Natal,Audrey,Trabalhado,TR2000DC,1,1,0,0,0,1,0,0,0,Indaiatuba,SP,0,0,0,35,3520509,2023,6,Junho
Sábado,24/06/2023,Folga,0,Folga,,0,0,0,0,0,0,0,0,0,São Paulo,SP,0,0,0,35,3550308,2023,6,Junho
Domingo,25/06/2023,Folga,0,Folga,,0,0,0,0,0,0,0,0,0,São Paulo,SP,0,0,0,35,3550308,2023,6,Junho
Segunda,26/06/2023,Papelada,Bruno,Trabalhado,,1,0,0,0,0,0,0,0,0,São Paulo,SP,0,1,0,35,3550308,2023,6,Junho
Terça,27/06/2023,vôo ida CGH - BSB - BVB,Paulinele,Trabalhado,,1,0,50,3393,0,0,0,0,1,Boa Vista,RR,0,0,0,14,1400100,2023,6,Junho
Quarta,28/06/2023,movimentação e Instalação 100100TI SFA Boa vista/RR,Paulinele,Trabalhado,CX100100TI,1,0,50,0,0,0,0,0,1,Boa Vista,RR,0,0,0,14,1400100,2023,6,Junho
Quinta,29/06/2023,"Limpeza 100100TI (tubo vazando óleo, fotodiodo não funciona)",Paulinele,Trabalhado,CX100100TI,1,0,50,0,0,0,0,0,1,Boa Vista,RR,0,0,0,14,1400100,2023,6,Junho
Sexta,30/06/2023,Relatório e solicitação de peças,Paulinele,Trabalhado,,1,1,10,0,0,0,1,0,1,Boa Vista,RR,0,0,0,14,1400100,2023,6,Junho
Sábado,01/07/2023,Folga + vôo volta BVB - BSB - CGH,Paulinele,Trabalhado,,1,0,70,3393,0,0,0,0,1,Boa Vista,RR,1,0,0,14,1400100,2023,7,Julho
Domingo,02/07/2023,Folga,0,Folga,,0,0,0,0,0,0,0,0,0,São Paulo,SP,0,0,0,35,3550308,2023,7,Julho
Segunda,03/07/2023,Folga Banco,0,Folga Banco,,0,0,0,0,0,0,0,0,0,São Paulo,SP,0,0,0,35,3550308,2023,7,Julho
Terça,04/07/2023,Folga Banco,0,Folga Banco,,0,0,0,0,0,0,0,0,0,São Paulo,SP,0,0,0,35,3550308,2023,7,Julho
Quarta,05/07/2023,Folga Banco,0,Folga Banco,,0,0,0,0,0,0,0,0,0,São Paulo,SP,0,0,0,35,3550308,2023,7,Julho
Quinta,06/07/2023,Folga Banco,0,Folga Banco,,0,0,0,0,0,0,0,0,0,São Paulo,SP,0,0,0,35,3550308,2023,7,Julho
Sexta,07/07/2023,Folga Banco,0,Folga Banco,,0,0,0,0,0,0,0,0,0,São Paulo,SP,0,0,0,35,3550308,2023,7,Julho
Sábado,08/07/2023,Folga,0,Folga,,0,0,0,0,0,0,0,0,0,São Paulo,SP,0,0,0,35,3550308,2023,7,Julho
Domingo,09/07/2023,Feriado Revolução Constitucionalista,0,Feriado,,0,0,0,0,0,0,0,0,0,São Paulo,SP,0,0,0,35,3550308,2023,7,Julho
Segunda,10/07/2023,Alinhamento Aerovip Guarulhos,Diego,Trabalhado,,1,0,0,0,0,0,0,0,0,Guarulhos,SP,0,0,0,35,3518800,2023,7,Julho
Terça,11/07/2023,Treinamento NR-12 online 09:30 até 12:00,Fábio Santos,Trabalhado,,1,0,0,0,0,0,0,1,0,São Paulo,SP,0,0,0,35,3550308,2023,7,Julho
Quarta,12/07/2023,Instalação 100100TI Aerovip Guarulhos,Diego,Trabalhado,CX100100TI,0,1,100,0,0,0,1,0,0,Guarulhos,SP,0,0,0,35,3518800,2023,7,Julho
Quinta,13/07/2023,Treinamento 100100TI Aerovip Guarulhos,Diego,Trabalhado,CX100100TI,1,0,100,0,0,0,0,1,0,Guarulhos,SP,0,0,0,35,3518800,2023,7,Julho
Sexta,14/07/2023,Folga Banco,0,Folga Banco,,0,0,0,0,0,0,0,0,0,São Paulo,SP,0,0,0,35,3550308,2023,7,Julho
Sábado,15/07/2023,Folga,0,Folga,,0,0,0,0,0,0,0,0,0,São Paulo,SP,0,0,0,35,3550308,2023,7,Julho
Domingo,16/07/2023,Folga,0,Folga,,0,0,0,0,0,0,0,0,0,São Paulo,SP,0,0,0,35,3550308,2023,7,Julho
Segunda,17/07/2023,Folga Banco,0,Folga Banco,,0,0,0,0,0,0,0,0,0,São Paulo,SP,0,0,0,35,3550308,2023,7,Julho
Terça,18/07/2023,,0,Sem Atividade,,0,0,0,0,0,0,0,0,0,São Paulo,SP,0,0,0,35,3550308,2023,7,Julho
Quarta,19/07/2023,Remota aerop Natal TR1000QC + Remota aerovip,Bruno,Trabalhado,TR1000QC,0,2,0,0,0,2,0,0,0,São Paulo,SP,0,0,0,35,3550308,2023,7,Julho
Quinta,20/07/2023,Treinamento NR-06 online 09:30 até 12:00,Fábio Santos,Trabalhado,,1,0,0,0,0,0,0,1,0,São Paulo,SP,0,0,0,35,3550308,2023,7,Julho
Sexta,21/07/2023,,0,Sem Atividade,,0,0,0,0,0,0,0,0,0,São Paulo,SP,0,0,0,35,3550308,2023,7,Julho
Sábado,22/07/2023,Folga,0,Folga,,0,0,0,0,0,0,0,0,0,São Paulo,SP,0,0,0,35,3550308,2023,7,Julho
Domingo,23/07/2023,Folga,0,Folga,,0,0,0,0,0,0,0,0,0,São Paulo,SP,0,0,0,35,3550308,2023,7,Julho
Segunda,24/07/2023,,0,Sem Atividade,,0,0,0,0,0,0,0,0,0,São Paulo,SP,0,0,0,35,3550308,2023,7,Julho
Terça,25/07/2023,,0,Sem Atividade,,0,0,0,0,0,0,0,0,0,São Paulo,SP,0,0,0,35,3550308,2023,7,Julho
Quarta,26/07/2023,Corretiva ML SBC 02 100100D (mão presa),Fábio Santos,Trabalhado,HT2000GA,0,2,100,0,0,2,0,0,0,São Bernardo do Campo,SP,0,0,0,35,3548708,2023,7,Julho
Quinta,27/07/2023,,0,Sem Atividade,,0,0,0,0,0,0,0,0,0,São Paulo,SP,0,0,0,35,3550308,2023,7,Julho
Sexta,28/07/2023,Folga Plantão,0,Folga Plantão,,0,0,0,0,0,0,0,0,0,São Paulo,SP,0,0,0,35,3550308,2023,7,Julho
Sábado,29/07/2023,Plantão,Plantão,Trabalhado,,1,0,0,0,0,0,0,0,0,São Paulo,SP,0,0,1,35,3550308,2023,7,Julho
Domingo,30/07/2023,Plantão,Plantão,Trabalhado,,1,0,0,0,0,0,0,0,0,São Paulo,SP,0,0,1,35,3550308,2023,7,Julho
Segunda,31/07/2023,Casa Brás + ML Cajamar as 09:00 com Felipe e Alex (guarulhos),Fábio Santos,Trabalhado,CX100100D,1,1,150,0,0,2,0,0,0,Cajamar,SP,0,0,0,35,3509205,2023,7,Julho
Terça,01/08/2023,ML Campinas,Fábio Santos,Trabalhado,CX100100D,0,1,280,0,0,1,0,0,0,Campinas,SP,0,0,0,35,3509502,2023,8,Agosto
Quarta,02/08/2023,Banco Safra + Casa São Luiz 1 e 2 + São Bernardo 1 e 2 + Chiquinha Gonzaga,Fábio Santos,Trabalhado,HT2000GA,0,6,200,0,6,0,0,0,0,São Bernardo do Campo,SP,0,0,0,35,3548708,2023,8,Agosto
Quinta,03/08/2023,ML Campinas + adesivos e MCB fábrica,Fábio Santos,Trabalhado,CX100100D,0,1,300,0,1,0,0,0,0,Campinas,SP,0,0,0,35,3509502,2023,8,Agosto
Sexta,04/08/2023,Papelada + adesivos e MCB Emerson,Fábio Santos,Trabalhado,,2,0,60,0,0,0,0,0,0,Guarulhos,SP,0,1,0,35,3518800,2023,8,Agosto
Sábado,05/08/2023,Folga,0,Folga,,0,0,0,0,0,0,0,0,0,São Paulo,SP,0,0,0,35,3550308,2023,8,Agosto
Domingo,06/08/2023,Folga,0,Folga,,0,0,0,0,0,0,0,0,0,São Paulo,SP,0,0,0,35,3550308,2023,8,Agosto
Segunda,07/08/2023,Vôo ida GRU - BSB - MCP,Walter,Trabalhado,,1,0,70,2750,0,0,0,0,1,Macapá,AP,0,0,0,16,1600303,2023,8,Agosto
Terça,08/08/2023,Inst. e tre. Pen. Fem. Macapá (Copef) 01 100100TI,Walter,Trabalhado,CX100100TI,1,1,30,0,0,0,1,1,1,Macapá,AP,0,0,0,16,1600303,2023,8,Agosto
Quarta,09/08/2023,Inst. e tre. Colonia Penal Macapá (Anexo) 01 100100TI,Walter,Trabalhado,CX100100TI,1,1,30,0,0,0,1,1,1,Macapá,AP,0,0,0,16,1600303,2023,8,Agosto
Quinta,10/08/2023,Inst. e tre. Pen. Segurança Máxima Macapá  01 100100TI,Walter,Trabalhado,CX100100TI,1,1,30,0,0,0,1,1,1,Macapá,AP,0,0,0,16,1600303,2023,8,Agosto
Sexta,11/08/2023,Folga Plantão + Inst. e tre. Pen. Masc. Macapá (Cadeião) 01 100100TI+ Prev. Aerop Macapá 01 100100TI + prev. CCE Macapá 01 CX6040BI,0,Folga Plantão,CX100100TI,1,3,30,0,2,0,1,1,1,Macapá,AP,0,0,0,16,1600303,2023,8,Agosto
Sábado,12/08/2023,"Plantão + Prev. Compl. Macapá Copef 01 6040, Anexo 02 6040 e  prev e trein Cadeião 01 6040 + visita assistida Cadeião",Plantão,Trabalhado,CX6040BI,2,4,30,0,4,0,0,1,1,Macapá,AP,0,0,1,16,1600303,2023,8,Agosto
Domingo,13/08/2023,"Plantão + Visita assistida Copef, Anexo e Cadeião + Vôo volta MCP - BEL - GRU",Plantão,Trabalhado,CX100100TI,3,0,70,2847,0,0,0,1,1,Macapá,AP,0,0,1,16,1600303,2023,8,Agosto
Segunda,14/08/2023,Papelada,Bruno,Trabalhado,,1,0,0,0,0,0,0,0,0,São Paulo,SP,0,1,0,35,3550308,2023,8,Agosto
Terça,15/08/2023,Fábrica,Fábio Santos,Trabalhado,,1,0,280,0,0,0,0,0,0,São Paulo,SP,0,0,0,35,3550308,2023,8,Agosto
Quarta,16/08/2023,Fábrica,Fábio Santos,Trabalhado,,1,0,280,0,0,0,0,0,0,São Paulo,SP,0,0,0,35,3550308,2023,8,Agosto
Quinta,17/08/2023,Fábrica,Fábio Santos,Trabalhado,,1,0,280,0,0,0,0,0,0,São Paulo,SP,0,0,0,35,3550308,2023,8,Agosto
Sexta,18/08/2023,Remota fórum Jequié - BA,Diego,Trabalhado,CX6040BI,0,1,0,0,0,1,0,0,0,São Paulo,SP,0,0,0,35,3550308,2023,8,Agosto
Sábado,19/08/2023,Folga,0,Folga,,0,0,0,0,0,0,0,0,0,São Paulo,SP,0,0,0,35,3550308,2023,8,Agosto
Domingo,20/08/2023,Folga,0,Folga,,0,0,0,0,0,0,0,0,0,São Paulo,SP,0,0,0,35,3550308,2023,8,Agosto
Segunda,21/08/2023,Férias,0,Férias,,0,0,0,0,0,0,0,0,0,São Paulo,SP,0,0,0,35,3550308,2023,8,Agosto
Terça,22/08/2023,Férias,0,Férias,,0,0,0,0,0,0,0,0,0,São Paulo,SP,0,0,0,35,3550308,2023,8,Agosto
Quarta,23/08/2023,Férias,0,Férias,,0,0,0,0,0,0,0,0,0,São Paulo,SP,0,0,0,35,3550308,2023,8,Agosto
Quinta,24/08/2023,Férias,0,Férias,,0,0,0,0,0,0,0,0,0,São Paulo,SP,0,0,0,35,3550308,2023,8,Agosto
Sexta,25/08/2023,Férias,0,Férias,,0,0,0,0,0,0,0,0,0,São Paulo,SP,0,0,0,35,3550308,2023,8,Agosto
Sábado,26/08/2023,Férias,0,Férias,,0,0,0,0,0,0,0,0,0,São Paulo,SP,0,0,0,35,3550308,2023,8,Agosto
Domingo,27/08/2023,Férias,0,Férias,,0,0,0,0,0,0,0,0,0,São Paulo,SP,0,0,0,35,3550308,2023,8,Agosto
Segunda,28/08/2023,Férias,0,Férias,,0,0,0,0,0,0,0,0,0,São Paulo,SP,0,0,0,35,3550308,2023,8,Agosto
Terça,29/08/2023,Férias,0,Férias,,0,0,0,0,0,0,0,0,0,São Paulo,SP,0,0,0,35,3550308,2023,8,Agosto
Quarta,30/08/2023,Férias,0,Férias,,0,0,0,0,0,0,0,0,0,São Paulo,SP,0,0,0,35,3550308,2023,8,Agosto
Quinta,31/08/2023,Férias,0,Férias,,0,0,0,0,0,0,0,0,0,São Paulo,SP,0,0,0,35,3550308,2023,8,Agosto
Sexta,01/09/2023,Férias,0,Férias,,0,0,0,0,0,0,0,0,0,São Paulo,SP,0,0,0,35,3550308,2023,9,Setembro
Sábado,02/09/2023,Férias,0,Férias,,0,0,0,0,0,0,0,0,0,São Paulo,SP,0,0,0,35,3550308,2023,9,Setembro
Domingo,03/09/2023,Férias,0,Férias,,0,0,0,0,0,0,0,0,0,São Paulo,SP,0,0,0,35,3550308,2023,9,Setembro
Segunda,04/09/2023,Férias,0,Férias,,0,0,0,0,0,0,0,0,0,São Paulo,SP,0,0,0,35,3550308,2023,9,Setembro
Terça,05/09/2023,Reunião às 16:00,Fábio Santos,Trabalhado,,1,0,0,0,0,0,0,0,0,São Paulo,SP,0,0,0,35,3550308,2023,9,Setembro
Quarta,06/09/2023,Reunião às 17:00 + cirurgia varizes + atestado,Bruno,Trabalhado,,1,0,0,0,0,0,0,0,0,São Paulo,SP,0,0,0,35,3550308,2023,9,Setembro
Quinta,07/09/2023,atestado + Feriado Revolução Constitucionalista,Bruno,Trabalhado,,0,0,0,0,0,0,0,0,0,São Paulo,SP,0,0,0,35,3550308,2023,9,Setembro
Sexta,08/09/2023,atestado,Bruno,Trabalhado,,0,0,0,0,0,0,0,0,0,São Paulo,SP,0,0,0,35,3550308,2023,9,Setembro
Sábado,09/09/2023,atestado,Bruno,Trabalhado,,0,0,0,0,0,0,0,0,0,São Paulo,SP,0,0,0,35,3550308,2023,9,Setembro
Domingo,10/09/2023,atestado,Bruno,Trabalhado,,0,0,0,0,0,0,0,0,0,São Paulo,SP,0,0,0,35,3550308,2023,9,Setembro
Segunda,11/09/2023,atestado,Bruno,Trabalhado,,0,0,0,0,0,0,0,0,0,São Paulo,SP,0,0,0,35,3550308,2023,9,Setembro
Terça,12/09/2023,atestado,Bruno,Trabalhado,,0,0,0,0,0,0,0,0,0,São Paulo,SP,0,0,0,35,3550308,2023,9,Setembro
Quarta,13/09/2023,atestado,Bruno,Trabalhado,,0,0,0,0,0,0,0,0,0,São Paulo,SP,0,0,0,35,3550308,2023,9,Setembro
Quinta,14/09/2023,atestado,Bruno,Trabalhado,,0,0,0,0,0,0,0,0,0,São Paulo,SP,0,0,0,35,3550308,2023,9,Setembro
Sexta,15/09/2023,atestado,Bruno,Trabalhado,,0,0,0,0,0,0,0,0,0,São Paulo,SP,0,0,0,35,3550308,2023,9,Setembro
Sábado,16/09/2023,atestado,Bruno,Trabalhado,,0,0,0,0,0,0,0,0,0,São Paulo,SP,0,0,0,35,3550308,2023,9,Setembro
Domingo,17/09/2023,atestado,Bruno,Trabalhado,,0,0,0,0,0,0,0,0,0,São Paulo,SP,0,0,0,35,3550308,2023,9,Setembro
Segunda,18/09/2023,atestado,Bruno,Trabalhado,,0,0,0,0,0,0,0,0,0,São Paulo,SP,0,0,0,35,3550308,2023,9,Setembro
Terça,19/09/2023,atestado,Bruno,Trabalhado,,0,0,0,0,0,0,0,0,0,São Paulo,SP,0,0,0,35,3550308,2023,9,Setembro
Quarta,20/09/2023,retirada pontos e consulta retorno cirurgia BP,Bruno,Trabalhado,,0,0,0,0,0,0,0,0,0,São Paulo,SP,0,0,0,35,3550308,2023,9,Setembro
Quinta,21/09/2023,Exame retorno trabalho clínica + mapa audrei + docs credenciamento,Bruno,Trabalhado,,3,0,0,0,0,0,0,0,0,São Paulo,SP,0,0,0,35,3550308,2023,9,Setembro
Sexta,22/09/2023,Folga Plantão,0,Folga Plantão,,0,0,0,0,0,0,0,0,0,São Paulo,SP,0,0,0,35,3550308,2023,9,Setembro
Sábado,23/09/2023,Plantão,Plantão,Trabalhado,,0,0,0,0,0,0,0,0,0,São Paulo,SP,0,0,1,35,3550308,2023,9,Setembro
Domingo,24/09/2023,Plantão,Plantão,Trabalhado,,0,0,0,0,0,0,0,0,0,São Paulo,SP,0,0,1,35,3550308,2023,9,Setembro
Segunda,25/09/2023,My maps audrei + banco horas,Audrey,Trabalhado,,1,0,0,0,0,0,0,0,0,São Paulo,SP,0,0,0,35,3550308,2023,9,Setembro
Terça,26/09/2023,Folga banco,0,Folga banco,,0,0,0,0,0,0,0,0,0,São Paulo,SP,0,0,0,35,3550308,2023,9,Setembro
Quarta,27/09/2023,Corretiva Remota Casa Gaivota + Dash Audrei,Fábio Santos,Trabalhado,HT2000GA,1,1,0,0,0,1,0,0,0,São Paulo,SP,0,0,0,35,3550308,2023,9,Setembro
Quinta,28/09/2023,,0,Sem Atividade,,0,0,0,0,0,0,0,0,0,São Paulo,SP,0,0,0,35,3550308,2023,9,Setembro
Sexta,29/09/2023,Corretiva Casa Itaquera,Fábio Santos,Trabalhado,HT2000GA,0,1,30,0,0,1,0,0,0,São Paulo,SP,0,0,0,35,3550308,2023,9,Setembro
Sábado,30/09/2023,Folga,0,Folga,,0,0,0,0,0,0,0,0,0,São Paulo,SP,0,0,0,35,3550308,2023,9,Setembro
Domingo,01/10/2023,Folga,0,Folga,,0,0,0,0,0,0,0,0,0,São Paulo,SP,0,0,0,35,3550308,2023,10,Outubro
Segunda,02/10/2023,Prev. e trei. Casa Itaquera + corr. e prev. Romão Gomes,Fábio Santos,Trabalhado,HT2100DV,1,2,90,0,2,1,0,1,0,São Paulo,SP,0,0,0,35,3550308,2023,10,Outubro
Terça,03/10/2023,Processo casa Belém Regis + cont. Romão Gomes,Audrey,Trabalhado,HT2100DV,1,1,90,0,0,0,0,0,0,São Paulo,SP,0,0,0,35,3550308,2023,10,Outubro
Quarta,04/10/2023,Desm Casa Guayi (Emerson) + Arrumar Cabos Casa Itaquera,Fábio Santos,Trabalhado,HT2000GA,1,1,90,0,0,1,0,0,0,Guarulhos,SP,0,0,0,35,3518800,2023,10,Outubro
Quinta,05/10/2023,Desm Casa Guarujá (Alexsander) + Prev. Casa São Bernardo 1 e 2,Fábio Santos,Trabalhado,HT2000GA,1,2,250,0,2,0,0,0,0,Guarujá,SP,0,0,0,35,3518701,2023,10,Outubro
Sexta,06/10/2023,Treinamento Online GRU + Papelada + Prev Cidade 1 e 2,Fábio Santos,Trabalhado,CX5030T,2,2,60,0,2,0,0,1,0,São Paulo,SP,0,1,0,35,3550308,2023,10,Outubro
Sábado,07/10/2023,Folga,0,Folga,,0,0,0,0,0,0,0,0,0,São Paulo,SP,0,0,0,35,3550308,2023,10,Outubro
Domingo,08/10/2023,Folga,0,Folga,,0,0,0,0,0,0,0,0,0,São Paulo,SP,0,0,0,35,3550308,2023,10,Outubro
Segunda,09/10/2023,Prev e trei Casa São Luís 1 as 08:00,Fábio Santos,Trabalhado,HT2000GA,1,1,120,0,1,0,0,1,0,São Paulo,SP,0,0,0,35,3550308,2023,10,Outubro
Terça,10/10/2023,Prev e trei Casa São Luís 2 as 07:00 e as 20:00,Fábio Santos,Trabalhado,HT2000GA,1,1,120,0,1,0,0,1,0,São Paulo,SP,0,0,0,35,3550308,2023,10,Outubro
Quarta,11/10/2023,corre. ML GRU 2 100100D,Fábio Santos,Trabalhado,CX100100D,0,1,100,0,0,1,0,0,0,Guarulhos,SP,0,0,0,35,3518800,2023,10,Outubro
Quinta,12/10/2023,Feriado Nossa Senhora,0,Feriado,,0,0,0,0,0,0,0,0,0,São Paulo,SP,0,0,0,35,3550308,2023,10,Outubro
Sexta,13/10/2023,Folga Banco,0,Folga Banco,,0,0,0,0,0,0,0,0,0,São Paulo,SP,0,0,0,35,3550308,2023,10,Outubro
Sábado,14/10/2023,Folga,0,Folga,,0,0,0,0,0,0,0,0,0,São Paulo,SP,0,0,0,35,3550308,2023,10,Outubro
Domingo,15/10/2023,Folga,0,Folga,,0,0,0,0,0,0,0,0,0,São Paulo,SP,0,0,0,35,3550308,2023,10,Outubro
Segunda,16/10/2023,,0,Sem Atividade,,0,0,0,0,0,0,0,0,0,São Paulo,SP,0,0,0,35,3550308,2023,10,Outubro
Terça,17/10/2023,,0,Sem Atividade,,0,0,0,0,0,0,0,0,0,São Paulo,SP,0,0,0,35,3550308,2023,10,Outubro
Quarta,18/10/2023,fábrica (retirada cabo)+ ML GRU 2 Corr. 02 100100D (cabo veio defeito),Fábio Santos,Trabalhado,CX100100D,1,2,310,0,0,2,0,0,0,Guarulhos,SP,0,0,0,35,3518800,2023,10,Outubro
Quinta,19/10/2023,,0,Sem Atividade,,0,0,0,0,0,0,0,0,0,São Paulo,SP,0,0,0,35,3550308,2023,10,Outubro
Sexta,20/10/2023,,0,Sem Atividade,,0,0,0,0,0,0,0,0,0,São Paulo,SP,0,0,0,35,3550308,2023,10,Outubro
Sábado,21/10/2023,Folga,0,Folga,,0,0,0,0,0,0,0,0,0,São Paulo,SP,0,0,0,35,3550308,2023,10,Outubro
Domingo,22/10/2023,Folga,0,Folga,,0,0,0,0,0,0,0,0,0,São Paulo,SP,0,0,0,35,3550308,2023,10,Outubro
Segunda,23/10/2023,,0,Sem Atividade,,0,0,0,0,0,0,0,0,0,São Paulo,SP,0,0,0,35,3550308,2023,10,Outubro
Terça,24/10/2023,Reunião as 08:30 + fábrica + retirada 2 pares cortina e fonte,Fábio Santos,Trabalhado,,3,0,280,0,0,0,0,0,0,Indaiatuba,SP,0,0,0,35,3520509,2023,10,Outubro
Quarta,25/10/2023,ML GRU 2 troca fonte e cabo as 20:00 02 cx100100D,Fábio Santos,Trabalhado,CX100100D,0,2,100,0,0,2,0,0,0,Guarulhos,SP,0,0,0,35,3518800,2023,10,Outubro
Quinta,26/10/2023,ML SBC troca cortina e corr. 02 cx100100D,Fábio Santos,Trabalhado,CX100100D,0,2,100,0,0,2,0,0,0,São Bernardo do Campo,SP,0,0,0,35,3548708,2023,10,Outubro
Sexta,27/10/2023,Alinhamento viagem Petrolina,Paulinele,Trabalhado,,1,0,0,0,0,0,0,0,0,São Paulo,SP,0,0,0,35,3550308,2023,10,Outubro
Sábado,28/10/2023,Folga,0,Folga,,0,0,0,0,0,0,0,0,0,São Paulo,SP,0,0,0,35,3550308,2023,10,Outubro
Domingo,29/10/2023,Folga,0,Folga,,0,0,0,0,0,0,0,0,0,São Paulo,SP,0,0,0,35,3550308,2023,10,Outubro
Segunda,30/10/2023,Alinhamento viagem Petrolina,Paulinele,Trabalhado,,1,0,0,0,0,0,0,0,0,São Paulo,SP,0,0,0,35,3550308,2023,10,Outubro
Terça,31/10/2023,"fábrica + dev. 2 pares cortina, 1 fonte, 1 Cabo teclado 100100D + Papelada",Fábio Santos,Trabalhado,,5,0,280,0,0,0,0,0,0,Indaiatuba,SP,0,1,0,35,3520509,2023,10,Outubro
Quarta,01/11/2023,Prev Casa Itaquera + Prev Casa SBC 1 e 2 + remota pres. Guaíba /RS,Fábio Santos,Trabalhado,HT2000GA,0,4,100,0,3,1,0,0,0,São Bernardo do Campo,SP,0,0,0,35,3548708,2023,11,Novembro
Quinta,02/11/2023,Finados,0,Feriado,,0,0,0,0,0,0,0,0,0,São Paulo,SP,0,0,0,35,3550308,2023,11,Novembro
Sexta,03/11/2023,prev. Casa São Luís 1 e 2,Fábio Santos,Trabalhado,HT2000GA,0,2,120,0,2,0,0,0,0,São Paulo,SP,0,0,0,35,3550308,2023,11,Novembro
Sábado,04/11/2023,Folga,0,Folga,,0,0,0,0,0,0,0,0,0,São Paulo,SP,0,0,0,35,3550308,2023,11,Novembro
Domingo,05/11/2023,vôo ida GRU - PNZ as 22:05,Paulinele,Trabalhado,,1,0,50,1700,0,0,0,0,1,Petrolina,PE,0,0,0,26,2611101,2023,11,Novembro
Segunda,06/11/2023,inst e trei Pen. Petrolina/PE 100100TI,Paulinele,Trabalhado,CX100100TI,1,1,50,0,0,0,1,1,1,Petrolina,PE,0,0,0,26,2611101,2023,11,Novembro
Terça,07/11/2023,trei Pen. Petrolina/PE + prev. 6040 Campo Formoso/BA + retirada tubo Campo Formoso,Paulinele,Trabalhado,CX6040BI,2,1,180,0,1,0,0,1,1,Campo Formoso,BA,0,0,0,29,2906006,2023,11,Novembro
Quarta,08/11/2023,prev. 6040 Irecê/BA + hotel Irecê/BA,Paulinele,Trabalhado,CX6040BI,1,1,280,0,1,0,0,0,1,Irecê,BA,0,0,0,29,2914604,2023,11,Novembro
Quinta,09/11/2023,volta Irecê / BA até Petrolina / PE + hotel Petrolina,Paulinele,Trabalhado,,2,0,440,0,0,0,0,0,1,Petrolina,PE,0,0,0,26,2611101,2023,11,Novembro
Sexta,10/11/2023,Folga Plantão + Petrolina/PE,0,Folga Plantão,,1,0,0,0,0,0,0,0,1,Petrolina,PE,0,0,0,26,2611101,2023,11,Novembro
Sábado,11/11/2023,Plantão + vôo retorno PNZ - GRU as 02:30,Plantão,Trabalhado,,2,0,50,1700,0,0,0,0,1,Petrolina,PE,0,0,1,26,2611101,2023,11,Novembro
Domingo,12/11/2023,Plantão,Plantão,Trabalhado,,1,0,0,0,0,0,0,0,0,São Paulo,SP,0,0,1,35,3550308,2023,11,Novembro
Segunda,13/11/2023,"Folga Banco + Ted devolução 83,60 reembolso errado a mais",0,Folga Banco,,1,0,0,0,0,0,0,0,0,São Paulo,SP,0,0,0,35,3550308,2023,11,Novembro
Terça,14/11/2023,sensor Ruy + sensor Romão Gomes + agendamento preventivas,Diego,Trabalhado,,3,0,90,0,0,0,0,0,0,São Paulo,SP,0,0,0,35,3550308,2023,11,Novembro
Quarta,15/11/2023,Proclamação da Republica,0,Feriado,,0,0,0,0,0,0,0,0,0,São Paulo,SP,0,0,0,35,3550308,2023,11,Novembro
Quinta,16/11/2023,ML GRU 2 prev. 03 100100D + prova GRU,Diego,Trabalhado,CX100100D,1,3,100,0,3,0,0,0,0,Guarulhos,SP,0,0,0,35,3518800,2023,11,Novembro
Sexta,17/11/2023,ML GRU 2 prev. 03 100100D,Diego,Trabalhado,CX100100D,0,3,100,0,3,0,0,0,0,Guarulhos,SP,0,0,0,35,3518800,2023,11,Novembro
Sábado,18/11/2023,Folga,0,Folga,,0,0,0,0,0,0,0,0,0,São Paulo,SP,0,0,0,35,3550308,2023,11,Novembro
Domingo,19/11/2023,Folga,0,Folga,,0,0,0,0,0,0,0,0,0,São Paulo,SP,0,0,0,35,3550308,2023,11,Novembro
Segunda,20/11/2023,Consciência Negra,0,Feriado,,0,0,0,0,0,0,0,0,0,São Paulo,SP,0,0,0,35,3550308,2023,11,Novembro
Terça,21/11/2023,ML GRU 1 prev. 03 100100D + Azul TECA GRU prev 01 100100Ti,Diego,Trabalhado,CX100100D,0,4,100,0,4,0,0,0,0,Guarulhos,SP,0,0,0,35,3518800,2023,11,Novembro
Quarta,22/11/2023,reunião 08:15 + Papelada com devolução sensor Romão Gomes,Barbosa,Trabalhado,,2,0,0,0,0,0,0,0,0,São Paulo,SP,0,1,0,35,3550308,2023,11,Novembro
Quinta,23/11/2023,agendamento Natal + agendamento Banco Safra,Diego,Trabalhado,,2,0,0,0,0,0,0,0,0,São Paulo,SP,0,0,0,35,3550308,2023,11,Novembro
Sexta,24/11/2023,alinhamento instalação TR2000DC,Diego,Trabalhado,,1,0,0,0,0,0,0,0,0,São Paulo,SP,0,0,0,35,3550308,2023,11,Novembro
Sábado,25/11/2023,Folga,0,Folga,,0,0,0,0,0,0,0,0,0,São Paulo,SP,0,0,0,35,3550308,2023,11,Novembro
Domingo,26/11/2023,Folga,0,Folga,,0,0,0,0,0,0,0,0,0,São Paulo,SP,0,0,0,35,3550308,2023,11,Novembro
Segunda,27/11/2023,inst e trei TR2000DC banco safra + remota correios São Luís,Diego,Trabalhado,TR2000DC,0,2,60,0,0,1,1,1,0,São Paulo,SP,0,0,0,35,3550308,2023,11,Novembro
Terça,28/11/2023,bastão rfid tr2000dc com William,Bruno,Trabalhado,,1,0,0,0,0,0,0,0,0,São Paulo,SP,0,0,0,35,3550308,2023,11,Novembro
Quarta,29/11/2023,alinhamento Natal e Juazeiro/BA + doc safra assinatura,Barbosa,Trabalhado,,2,0,0,0,0,0,0,0,0,São Paulo,SP,0,0,0,35,3550308,2023,11,Novembro
Quinta,30/11/2023,sup Ricardo Maceió + alin exame periódico RH + docs viagem natal e Juazeiro + sup Anderson recife,RH,Trabalhado,,5,0,0,0,0,0,0,0,0,São Paulo,SP,0,0,0,35,3550308,2023,11,Novembro
Sexta,01/12/2023,Papelada + NR-10 + corretiva Safra TR2000DC,Barbosa,Trabalhado,TR2000DC,2,1,0,0,0,1,0,1,0,São Paulo,SP,0,1,0,35,3550308,2023,12,Dezembro
Sábado,02/12/2023,Folga,0,Folga,,0,0,0,0,0,0,0,0,0,São Paulo,SP,0,0,0,35,3550308,2023,12,Dezembro
Domingo,03/12/2023,Folga,0,Folga,,0,0,0,0,0,0,0,0,0,São Paulo,SP,0,0,0,35,3550308,2023,12,Dezembro
Segunda,04/12/2023,corretiva Safra tr2000dc + vôo ida GRU - PNZ 22:10 + NR 10,Barbosa,Trabalhado,TR2000DC,2,1,110,1700,0,1,0,1,1,Petrolina,PE,0,0,0,26,2611101,2023,12,Dezembro
Terça,05/12/2023,Inst e trei fórum Juazeiro/BA + NR 10 + suporte Rogério TR2000DC,Barbosa,Trabalhado,CX6040BI,3,1,25,0,0,0,1,1,1,Juazeiro,BA,0,0,0,29,2918407,2023,12,Dezembro
Quarta,06/12/2023,trei fórum Juazeiro/BA + NR 10,Barbosa,Trabalhado,CX6040BI,2,0,30,0,0,0,0,1,1,Juazeiro,BA,0,0,0,29,2918407,2023,12,Dezembro
Quinta,07/12/2023,vôo retorno PNZ - GRU 02:30 + NR 10 + sup Rogério TR2000DC,Barbosa,Trabalhado,,3,0,50,1700,0,0,0,1,1,Petrolina,PE,0,0,0,26,2611101,2023,12,Dezembro
Sexta,08/12/2023,periódico RH 10:30 + entrega NR 10,RH,Trabalhado,,2,0,92,0,0,0,0,0,0,São Paulo,SP,0,0,0,35,3550308,2023,12,Dezembro
Sábado,09/12/2023,Folga,0,Folga,,0,0,0,0,0,0,0,0,0,São Paulo,SP,0,0,0,35,3550308,2023,12,Dezembro
Domingo,10/12/2023,Corr. Casa Brás,Paulinele,Trabalhado,HT2000GA,0,1,85,0,0,1,0,0,0,São Paulo,SP,1,0,0,35,3550308,2023,12,Dezembro
Segunda,11/12/2023,papelada + Vôo ida GRU - NAT 14:10 + corr e acomp TR1000QC das 20:30 as 23:00,Barbosa,Trabalhado,TR1000QC,2,1,70,2350,0,1,0,0,1,Natal,RN,0,1,0,24,2408102,2023,12,Dezembro
Terça,12/12/2023,acomp TR1000QC das 20:30 as 23:00 + sup. Anderson TR2000DC,Barbosa,Trabalhado,TR1000QC,2,0,78,0,0,0,0,1,1,Natal,RN,0,0,0,24,2408102,2023,12,Dezembro
Quarta,13/12/2023,acomp TR1000QC das 20:30 as 23:00,Barbosa,Trabalhado,TR1000QC,1,0,112,0,0,0,0,1,1,Natal,RN,0,0,0,24,2408102,2023,12,Dezembro
Quinta,14/12/2023,acomp TR1000QC das 13:30 as 17:00,Barbosa,Trabalhado,TR1000QC,1,0,95,0,0,0,0,1,1,Natal,RN,0,0,0,24,2408102,2023,12,Dezembro
Sexta,15/12/2023,Folga Plantão + acomp TR1000QC das 20:30 as 23:00 + relatório ETD Natal,Barbosa,Trabalhado,TR1000QC,2,0,116,0,0,0,0,1,1,Natal,RN,1,0,0,24,2408102,2023,12,Dezembro
Sábado,16/12/2023,Plantão + Vôo retorno NAT - GRU as 02:40,Barbosa,Trabalhado,,2,0,70,2350,0,0,0,0,1,Natal,RN,0,0,1,24,2408102,2023,12,Dezembro
Domingo,17/12/2023,Plantão,Plantão,Trabalhado,,1,0,0,0,0,0,0,0,0,São Paulo,SP,0,0,1,35,3550308,2023,12,Dezembro
Segunda,18/12/2023,Folga banco + remota banco safra + Corr OS-C2820 Safra tr2000dc,Barbosa,Trabalhado,TR2000DC,0,2,65,0,0,2,0,0,0,São Paulo,SP,1,0,0,35,3550308,2023,12,Dezembro
Terça,19/12/2023,prev Casa manacá da serra OS-P 6610 + retorno PCM folga,Diego,Trabalhado,HT2000GA,1,1,161,0,1,0,0,0,0,Franco da Rocha,SP,0,0,0,35,3516408,2023,12,Dezembro
Quarta,20/12/2023,prev Casa São Luís 1 e 2 OS-P 6618/6619 + pasta Diego,Diego,Trabalhado,HT2000GA,1,2,165,0,2,0,0,0,0,Guarulhos,SP,0,0,0,35,3518800,2023,12,Dezembro
Quinta,21/12/2023,papelada + sup Barbosa,Barbosa,Trabalhado,,2,0,0,0,0,0,0,0,0,São Paulo,SP,0,1,0,35,3550308,2023,12,Dezembro
Sexta,22/12/2023,,0,Sem Atividade,,0,0,0,0,0,0,0,0,0,São Paulo,SP,0,0,0,35,3550308,2023,12,Dezembro
Sábado,23/12/2023,Folga,0,Folga,,0,0,0,0,0,0,0,0,0,São Paulo,SP,0,0,0,35,3550308,2023,12,Dezembro
Domingo,24/12/2023,Folga,0,Folga,,0,0,0,0,0,0,0,0,0,São Paulo,SP,0,0,0,35,3550308,2023,12,Dezembro
Segunda,25/12/2023,Natal,0,Feriado,,0,0,0,0,0,0,0,0,0,São Paulo,SP,0,0,0,35,3550308,2023,12,Dezembro
Terça,26/12/2023,reunião alin instalação Itajubá/MG,Barbosa,Trabalhado,,1,0,0,0,0,0,0,0,0,São Paulo,SP,0,0,0,35,3550308,2023,12,Dezembro
Quarta,27/12/2023,movida GRU + fábrica + inst Itajubá/MG  HT2000GAL OS-I 638,Barbosa,Trabalhado,HT2000GA,2,1,419,0,0,0,1,0,1,Itajubá,MG,0,0,0,31,3132404,2023,12,Dezembro
Quinta,28/12/2023,inst Itajubá/MG  HT2000GAL + compra luz cabine + treinamento,Barbosa,Trabalhado,HT2000GA,3,0,39,0,0,0,0,1,1,Itajubá,MG,0,0,0,31,3132404,2023,12,Dezembro
Sexta,29/12/2023,trei Itajubá /MG + retorno sp + movida GRU,Barbosa,Trabalhado,HT2000GA,3,0,280,0,0,0,0,1,1,Itajubá,MG,0,0,0,31,3132404,2023,12,Dezembro
Sábado,30/12/2023,Folga,0,Folga,,0,0,0,0,0,0,0,0,0,São Paulo,SP,0,0,0,35,3550308,2023,12,Dezembro
Domingo,31/12/2023,Folga,0,Folga,,0,0,0,0,0,0,0,0,0,São Paulo,SP,0,0,0,35,3550308,2023,12,Dezembro
Segunda,01/01/2024,Ano novo,0,Feriado,,0,0,0,0,0,0,0,0,0,São Paulo,SP,0,0,0,35,3550308,2024,1,Janeiro
Terça,02/01/2024,Movida GRU + Ida Belo Horizonte/MG + papelada,Barbosa,Trabalhado,,3,0,598,0,0,0,0,0,1,Belo Horizonte,MG,0,1,0,31,3106200,2024,1,Janeiro
Quarta,03/01/2024,Ida Gov. Valadares/MG + inst HT2000GAL Gov. Valadares,Barbosa,Trabalhado,HT2000GA,1,1,357,0,0,0,1,0,1,Governador Valadares,MG,0,0,0,31,3127701,2024,1,Janeiro
Quinta,04/01/2024,trein HT2000GAL Gov Valadares/MG,Barbosa,Trabalhado,HT2000GA,1,0,40,0,0,0,0,1,1,Governador Valadares,MG,0,0,0,31,3127701,2024,1,Janeiro
Sexta,05/01/2024,Folga plantão + Trein Gov. Valadares/MG + PV time 4 + docs gov Valadares,Barbosa,Trabalhado,HT2000GA,2,0,30,0,0,0,0,1,1,Governador Valadares,MG,1,0,0,31,3127701,2024,1,Janeiro
sábado,06/01/2024,Plantão SP + ida Belo Horizonte,Barbosa,Trabalhado,,1,0,363,0,0,0,0,0,1,Belo Horizonte,MG,0,0,1,31,3106200,2024,1,Janeiro
Domingo,07/01/2024,Plantão SP + Ida Uberaba,Barbosa,Trabalhado,,1,0,453,0,0,0,0,0,1,Uberaba,MG,0,0,1,31,3170107,2024,1,Janeiro
Segunda,08/01/2024,inst ht2000gal Uberaba cancelada + fábrica + volta movida GRU,Barbosa,Trabalhado,,3,0,581,0,0,0,0,0,1,Uberaba,MG,0,0,0,31,3170107,2024,1,Janeiro
Terça,09/01/2024,Remota e Corr. e prev. casa manacá da serra + prev casa Tapajós,Diego,Trabalhado,HT2000GA,0,4,160,0,2,2,0,0,0,Franco da Rocha,SP,0,0,0,35,3516408,2024,1,Janeiro
Quarta,10/01/2024,papelada,Diego,Trabalhado,,1,0,0,0,0,0,0,0,0,São Paulo,SP,0,1,0,35,3550308,2024,1,Janeiro
Quinta,11/01/2024,Movida GRU + Ida Uberaba + inst ht2000gal Uberaba OS-I 658,Diego,Trabalhado,HT2000GA,3,0,522,0,0,0,1,0,1,Uberaba,MG,0,0,0,31,3170107,2024,1,Janeiro
Sexta,12/01/2024,inst ht2000gal Uberaba OS-I 658 + comprar porca,Diego,Trabalhado,HT2000GA,1,1,18,0,0,0,1,0,1,Uberaba,MG,0,0,0,31,3170107,2024,1,Janeiro
sábado,13/01/2024,ida e volta fábrica tampas acrílicas + compra parafusos cabine,Diego,Trabalhado,HT2000GA,2,0,840,0,0,0,0,0,1,Uberaba,MG,1,0,0,31,3170107,2024,1,Janeiro
Domingo,14/01/2024,instalação tampas acrílicas + correção imagem fantasma,Diego,Trabalhado,HT2000GA,2,0,22,0,0,0,0,0,1,Uberaba,MG,1,0,0,31,3170107,2024,1,Janeiro
Segunda,15/01/2024,soft Uberaba + trein Uberaba + ida Uberlândia + tampa acrílica Uberlândia,Diego,Trabalhado,HT2000GA,4,0,161,0,0,0,0,1,1,Uberlandia,MG,0,0,0,31,3170206,2024,1,Janeiro
Terça,16/01/2024,volta Uberlândia + corretiva inter meal Viracopos + movida GRU,Diego,Trabalhado,CX6040BI,2,1,610,0,0,1,0,0,1,Uberlandia,MG,0,0,0,31,3170206,2024,1,Janeiro
Quarta,17/01/2024,papelada + Corr. casa vila Maria OS-C 2896,Barbosa,Trabalhado,HT2000GA,1,1,116,0,0,1,0,0,0,São Paulo,SP,0,1,0,35,3550308,2024,1,Janeiro
Quinta,18/01/2024,sup Maurolucio camera,Bruno,Trabalhado,,1,0,0,0,0,0,0,0,0,São Paulo,SP,0,0,0,35,3550308,2024,1,Janeiro
Sexta,19/01/2024,papelada + trein online sejuspMG as 13:00,Barbosa,Trabalhado,,2,0,0,0,0,0,0,1,0,São Paulo,SP,0,1,0,35,3550308,2024,1,Janeiro
sábado,20/01/2024,Folga,0,Folga,,0,0,0,0,0,0,0,0,0,São Paulo,SP,0,0,0,35,3550308,2024,1,Janeiro
Domingo,21/01/2024,Folga,0,Folga,,0,0,0,0,0,0,0,0,0,São Paulo,SP,0,0,0,35,3550308,2024,1,Janeiro
Segunda,22/01/2024,reunião app ponto adiada + no break fábrica + troca casa vila Maria C 2918,Barbosa,Trabalhado,HT2000GA,2,1,314,0,0,1,0,0,0,Indaiatuba,SP,0,0,0,35,3520509,2024,1,Janeiro
Terça,23/01/2024,docs cred GRU + reunião ponto 09:00 + Jadlog (não aut)+ azul congonhas P 4429 (inic ponto),Diego,Trabalhado,CX100100TI,3,1,139,0,1,0,0,0,0,Guarulhos,SP,0,0,0,35,3518800,2024,1,Janeiro
Quarta,24/01/2024,credencial GRU as 08:20 + rem Alfenas HT2000GAL R 722 + sup Leonardo,Diego,Trabalhado,HT2000GA,2,1,98,0,0,1,0,0,0,Guarulhos,SP,0,0,0,35,3518800,2024,1,Janeiro
Quinta,25/01/2024,fábrica tubo e monitor + troca tubo ML SBC C 2933 / C 2934,Barbosa,Trabalhado,CX100100D,1,2,306,0,0,2,0,0,0,São Bernardo do Campo,SP,0,0,0,35,3548708,2024,1,Janeiro
Sexta,26/01/2024,papelada + troca monitor ML Extrema C 2937+ devolver peças fábrica,Barbosa,Trabalhado,CX100100D,2,1,448,0,0,1,0,0,0,Extrema,MG,0,1,0,31,3125101,2024,1,Janeiro
sábado,27/01/2024,Folga,0,Folga,,0,0,0,0,0,0,0,0,0,São Paulo,SP,0,0,0,35,3550308,2024,1,Janeiro
Domingo,28/01/2024,Folga,0,Folga,,0,0,0,0,0,0,0,0,0,São Paulo,SP,0,0,0,35,3550308,2024,1,Janeiro
Segunda,29/01/2024,ida GRU - IMP 07:40 + inst forum imperatriz 6040 Maq entregue fim dia,Barbosa,Trabalhado,CX6040BI,1,1,70,2020,0,0,1,0,1,Imperatriz,MA,0,0,0,21,2105302,2024,1,Janeiro
Terça,30/01/2024,inst forum imperatriz 6040,Barbosa,Trabalhado,CX6040BI,0,1,10,0,0,0,1,0,1,Imperatriz,MA,0,0,0,21,2105302,2024,1,Janeiro
Quarta,31/01/2024,inst e trein forum imperatriz 6040,Barbosa,Trabalhado,CX6040BI,2,0,23,0,0,0,0,1,0,Imperatriz,MA,0,0,0,21,2105302,2024,1,Janeiro
Quinta,01/02/2024,Volta IMP - GRU 02:50 + papelada + rem correios Natal R-726 + rem aerovip GRU R-727,Barbosa,Trabalhado,CX100100D,2,2,70,2020,0,2,0,0,1,Imperatriz,MA,0,1,0,21,2105302,2024,2,Fevereiro
Sexta,02/02/2024,Feriado Indaiatuba + rem aerovip GRU 100100TI R-728,Bruno,Trabalhado,CX100100TI,0,1,0,0,0,1,0,0,0,São Paulo,SP,0,0,0,35,3550308,2024,2,Fevereiro
sábado,03/02/2024,Folga,0,Folga,,0,0,0,0,0,0,0,0,0,São Paulo,SP,0,0,0,35,3550308,2024,2,Fevereiro
Domingo,04/02/2024,Folga,0,Folga,,0,0,0,0,0,0,0,0,0,São Paulo,SP,0,0,0,35,3550308,2024,2,Fevereiro
Segunda,05/02/2024,Prev Casa João Pulo P6783 / Belem P6785 / vila Leopoldina P6786 (09:40-15:47),Diego,Trabalhado,HT2000GA,0,3,103,0,3,0,0,0,0,São Paulo,SP,0,0,0,35,3550308,2024,2,Fevereiro
Terça,06/02/2024,Prev Casa Ruth Pistori P-6794 + corretiva Safra TR2000DC C-2968,Diego,Trabalhado,HT2000GA,0,2,93,0,1,1,0,0,0,São Paulo,SP,0,0,0,35,3550308,2024,2,Fevereiro
Quarta,07/02/2024,trei Casa Osasco 1 + Prev Casa Osasco 1 e 2 P6804/P6805 - Topázio e Turiassú P6795/P6796 + retirar Inversor Fábrica,Diego,Trabalhado,HT2000GA,2,4,364,0,4,0,0,1,0,Osasco,SP,0,0,0,35,3534401,2024,2,Fevereiro
Quinta,08/02/2024,vôo ida GRU-PMW 00:30 + ida palmas - barra do grota C-2978 + Corr 100100TI pres barra do grota,Barbosa,Trabalhado,CX100100TI,2,1,412,0,0,1,0,0,1,Barra do Grota,TO,0,0,0,17,,2024,2,Fevereiro
Sexta,09/02/2024,Folga plantão + Corr barra do grota 100100TI C-2978 + ida barra do grota - palmas,Barbosa,Trabalhado,CX100100TI,2,0,487,0,0,1,0,0,1,Barra do Grota,TO,1,0,0,17,,2024,2,Fevereiro
sábado,10/02/2024,Plantão SP + vôo volta PMW-GRU 01:50,Barbosa,Trabalhado,,1,0,50,1530,0,0,0,0,1,Palmas,TO,0,0,1,17,1721000,2024,2,Fevereiro
Domingo,11/02/2024,Plantão,Plantão,Trabalhado,,1,0,0,0,0,0,0,0,0,São Paulo,SP,0,0,1,35,3550308,2024,2,Fevereiro
Segunda,12/02/2024,Carnaval,0,Feriado,,0,0,0,0,0,0,0,0,0,São Paulo,SP,0,0,0,35,3550308,2024,2,Fevereiro
Terça,13/02/2024,Carnaval,0,Feriado,,0,0,0,0,0,0,0,0,0,São Paulo,SP,0,0,0,35,3550308,2024,2,Fevereiro
Quarta,14/02/2024,papelada + alinhamento viagem Teresina/PI,Paulinele,Trabalhado,,2,0,0,0,0,0,0,0,0,São Paulo,SP,0,1,0,35,3550308,2024,2,Fevereiro
Quinta,15/02/2024,retirar PC Timon Fábrica + devolução inversor fábrica,Paulinele,Trabalhado,,2,0,278,0,0,0,0,0,0,Indaiatuba,SP,0,0,0,35,3520509,2024,2,Fevereiro
Sexta,16/02/2024,planilha deslocamento + aerovip GRU C2992 / P4473 + ML GRU 1 P4474 / P4475 / P4476,Diego,Trabalhado,CX100100D,1,5,85,0,4,1,0,0,0,Guarulhos,SP,0,0,0,35,3518800,2024,2,Fevereiro
sábado,17/02/2024,Folga,0,Folga,,0,0,0,0,0,0,0,0,0,São Paulo,SP,0,0,0,35,3550308,2024,2,Fevereiro
Domingo,18/02/2024,Folga,0,Folga,,0,0,0,0,0,0,0,0,0,São Paulo,SP,0,0,0,35,3550308,2024,2,Fevereiro
Segunda,19/02/2024,preventiva ML GRU 2 C2999/P4477P4478/P4479/P4480/P4481/P4482 + papelada + sup Rogério + vôo ida GRU - THE 21:35,Diego,Trabalhado,CX100100D,2,7,100,2100,6,1,0,0,1,Teresina,PI,0,1,0,22,2211001,2024,2,Fevereiro
Terça,20/02/2024,inst TCE Teresina 02 6040BI I691/I692,Barbosa,Trabalhado,CX6040BI,0,2,42,0,0,0,2,0,1,Teresina,PI,0,0,0,22,2211001,2024,2,Fevereiro
Quarta,21/02/2024,trein TCE Teresina as 08:30 + corr. troca Pc HT Timon C3017 + compra cabos Timon,Barbosa,Trabalhado,HT2000GA,2,1,46,0,0,1,0,1,1,Timon,MA,0,0,0,21,2112209,2024,2,Fevereiro
Quinta,22/02/2024,inst sistema câmeras HT Timon C3017,Barbosa,Trabalhado,HT2000GA,0,1,50,0,0,1,1,0,1,Timon,MA,0,0,0,21,2112209,2024,2,Fevereiro
Sexta,23/02/2024,Vôo retorno THE - GRU 03:55 + papelada,Barbosa,Trabalhado,,2,0,70,2100,0,0,0,0,1,Teresina,PI,0,1,0,22,2211001,2024,2,Fevereiro
sábado,24/02/2024,Folga,0,Folga,,0,0,0,0,0,0,0,0,0,São Paulo,SP,0,0,0,35,3550308,2024,2,Fevereiro
Domingo,25/02/2024,Folga,0,Folga,,0,0,0,0,0,0,0,0,0,São Paulo,SP,0,0,0,35,3550308,2024,2,Fevereiro
Segunda,26/02/2024,,0,Sem Atividade,,0,0,0,0,0,0,0,0,0,São Paulo,SP,0,0,0,35,3550308,2024,2,Fevereiro
Terça,27/02/2024,prev Casa Atibaia P6887,Diego,Trabalhado,HT2000GA,0,1,254,0,1,0,0,0,0,Atibaia,SP,0,0,0,35,3504107,2024,2,Fevereiro
Quarta,28/02/2024,Medicos Nana + alin integ vilares metal + alin inst TR2000DC aerop Goiânia,Barbosa,Trabalhado,,2,0,0,0,0,0,0,0,0,São Paulo,SP,0,0,0,35,3550308,2024,2,Fevereiro
Quinta,29/02/2024,integ Vilares metal as 10:00 + rem HT2000GA estância/SE R738 + papelada com envio Pc Timon + rem TJMT 6040BI R739,Diego,Trabalhado,HT2000GA,2,2,0,0,0,2,0,0,0,São Paulo,SP,0,1,0,35,3550308,2024,2,Fevereiro
Sexta,01/03/2024,trei SEJUSP online as 13:00 (cancelado),Barbosa,Trabalhado,,1,0,0,0,0,0,0,1,0,São Paulo,SP,0,0,0,35,3550308,2024,3,Março
sábado,02/03/2024,Corr. Porto São Sebastião FS6000 C-FS/MT442,Diego,Trabalhado,FS6000,0,1,403,0,0,1,0,0,0,São Sebastião,SP,1,0,0,35,3550704,2024,3,Março
Domingo,03/03/2024,Folga,0,Folga,,0,0,0,0,0,0,0,0,0,São Paulo,SP,0,0,0,35,3550308,2024,3,Março
Segunda,04/03/2024,vôo ida CGH-GYN as 06:35 + inst TR2000DC Goiânia,Barbosa,Trabalhado,TR2000DC,1,1,70,821,0,0,0,0,1,Goiânia,GO,0,0,0,52,5208707,2024,3,Março
Terça,05/03/2024,trein TR2000DC Goiânia  as 11:00 e as 14:00 e as 19:00,Barbosa,Trabalhado,TR2000DC,3,0,40,0,0,0,0,3,1,Goiânia,GO,0,0,0,52,5208707,2024,3,Março
Quarta,06/03/2024,Op assis TR2000DC Goiânia + trei as 10:40 e as 18:30,Barbosa,Trabalhado,TR2000DC,3,0,18,0,0,0,0,1,1,Goiânia,GO,0,0,0,52,5208707,2024,3,Março
Quinta,07/03/2024,Op assis TR2000DC Goiânia + trei as 10:40 e as 14:00,Barbosa,Trabalhado,TR2000DC,3,0,77,0,0,0,0,1,1,Goiânia,GO,0,0,0,52,5208707,2024,3,Março
Sexta,08/03/2024,vôo retorno GYN - CGH as 10:20 + papelada,Barbosa,Trabalhado,,2,0,70,821,0,0,0,0,1,Goiânia,GO,0,1,0,52,5208707,2024,3,Março
sábado,09/03/2024,Folga,0,Folga,,0,0,0,0,0,0,0,0,0,São Paulo,SP,0,0,0,35,3550308,2024,3,Março
Domingo,10/03/2024,Folga,0,Folga,,0,0,0,0,0,0,0,0,0,São Paulo,SP,0,0,0,35,3550308,2024,3,Março
Segunda,11/03/2024,trein SEJUSP as 13:00,Barbosa,Trabalhado,,0,1,0,0,0,0,0,1,0,São Paulo,SP,0,0,0,35,3550308,2024,3,Março
Terça,12/03/2024,"vôo ida GRU-IMP as 07:40 + compra WD/silicone spray + corr. troca motor Barra do Grota (tranca cadeia, entrada não autorizada) C3101",Barbosa,Trabalhado,CX100100TI,2,1,310,2020,0,1,0,0,1,Barra do Grota,MA,0,0,0,21,,2024,3,Março
Quarta,13/03/2024,corr. troca motor Barra do Grota C3101 + prev. pres porto franco P4613,Barbosa,Trabalhado,CX100100TI,1,1,283,0,1,1,0,0,1,Barra do Grota,MA,0,0,0,21,,2024,3,Março
Quinta,14/03/2024,prev pres. imperatriz P4616 + prev. fórum imperatriz P4614+ prev. pres. Açailândia P4615,Barbosa,Trabalhado,CX6040BI,0,3,157,0,3,0,0,0,1,Açailandia,MA,0,0,0,21,2100055,2024,3,Março
Sexta,15/03/2024,vôo volta IMP-GRU as 11:20,Barbosa,Trabalhado,,1,0,70,2020,0,0,0,0,1,Imperatriz,MA,0,0,0,21,2105302,2024,3,Março
sábado,16/03/2024,Folga,0,Folga,,0,0,0,0,0,0,0,0,0,São Paulo,SP,0,0,0,35,3550308,2024,3,Março
Domingo,17/03/2024,Folga,0,Folga,,0,0,0,0,0,0,0,0,0,São Paulo,SP,0,0,0,35,3550308,2024,3,Março
Segunda,18/03/2024,prev. Casa Manacá P6968 e Tapajós P6969 + Fábrica devol Motor + papelada,Diego,Trabalhado,HT2000GA,2,2,329,0,2,0,0,0,0,Indaiatuba,SP,0,1,0,35,3520509,2024,3,Março
Terça,19/03/2024,desm Casa Arujá (OS Elvis P4624 C3123) + rem. Casa Leopoldina R757,Barbosa,Trabalhado,HT2000GA,1,1,137,0,1,2,0,0,0,Arujá,SP,0,0,0,35,3503901,2024,3,Março
Quarta,20/03/2024,corr. Jadlog-SP C3125,Diego,Trabalhado,CX6040BI,0,1,111,0,0,1,0,0,0,São Paulo,SP,0,0,0,35,3550308,2024,3,Março
Quinta,21/03/2024,fábrica + oper. assistida Viracopos das 17:00 as 18:30 C3139,Barbosa,Trabalhado,CX100100D,1,1,297,0,0,1,0,0,0,Campinas,SP,0,0,0,35,3509502,2024,3,Março
Sexta,22/03/2024,Folga Plantão + papelada,0,Folga Plantão,,1,0,0,0,0,0,0,0,0,São Paulo,SP,0,1,0,35,3550308,2024,3,Março
sábado,23/03/2024,Plantão + rem cadeia estância R764 + rem Imbituba R763,Plantão,Trabalhado,FS6000,1,2,0,0,0,2,0,0,0,São Paulo,SP,0,0,1,35,3550308,2024,3,Março
Domingo,24/03/2024,Plantão,Plantão,Trabalhado,,1,0,0,0,0,0,0,0,0,São Paulo,SP,0,0,1,35,3550308,2024,3,Março
Segunda,25/03/2024,Férias,0,Férias,,0,0,0,0,0,0,0,0,0,São Paulo,SP,0,0,0,35,3550308,2024,3,Março
Terça,26/03/2024,Férias,0,Férias,,0,0,0,0,0,0,0,0,0,São Paulo,SP,0,0,0,35,3550308,2024,3,Março
Quarta,27/03/2024,Férias,0,Férias,,0,0,0,0,0,0,0,0,0,São Paulo,SP,0,0,0,35,3550308,2024,3,Março
Quinta,28/03/2024,Férias,0,Férias,,0,0,0,0,0,0,0,0,0,São Paulo,SP,0,0,0,35,3550308,2024,3,Março
Sexta,29/03/2024,Férias + Feriado Paixão de cristo,0,Férias,,0,0,0,0,0,0,0,0,0,São Paulo,SP,0,0,0,35,3550308,2024,3,Março
sábado,30/03/2024,Férias,0,Férias,,0,0,0,0,0,0,0,0,0,São Paulo,SP,0,0,0,35,3550308,2024,3,Março
Domingo,31/03/2024,Férias,0,Férias,,0,0,0,0,0,0,0,0,0,São Paulo,SP,0,0,0,35,3550308,2024,3,Março
Segunda,01/04/2024,Férias,0,Férias,,0,0,0,0,0,0,0,0,0,São Paulo,SP,0,0,0,35,3550308,2024,4,Abril
Terça,02/04/2024,Férias,0,Férias,,0,0,0,0,0,0,0,0,0,São Paulo,SP,0,0,0,35,3550308,2024,4,Abril
Quarta,03/04/2024,Férias,0,Férias,,0,0,0,0,0,0,0,0,0,São Paulo,SP,0,0,0,35,3550308,2024,4,Abril
Quinta,04/04/2024,Férias + reunião reinstalação Casa,0,Férias,,1,0,0,0,0,0,0,0,0,São Paulo,SP,1,0,0,35,3550308,2024,4,Abril
Sexta,05/04/2024,Férias,0,Férias,,0,0,0,0,0,0,0,0,0,São Paulo,SP,0,0,0,35,3550308,2024,4,Abril
sábado,06/04/2024,Férias,0,Férias,,0,0,0,0,0,0,0,0,0,São Paulo,SP,0,0,0,35,3550308,2024,4,Abril
Domingo,07/04/2024,Férias,0,Férias,,0,0,0,0,0,0,0,0,0,São Paulo,SP,0,0,0,35,3550308,2024,4,Abril
Segunda,08/04/2024,Férias + prev e desm e inst Casa São Paulo / Onix P7039 / C3206 / I750,Barbosa,Trabalhado,HT2000GA,1,3,84,0,1,1,1,0,0,São Paulo,SP,1,0,0,35,3550308,2024,4,Abril
Terça,09/04/2024,dia férias feriado + inst Casa São Paulo / Onix I750,Barbosa,Trabalhado,HT2000GA,0,1,78,0,0,0,1,0,0,São Paulo,SP,1,0,0,35,3550308,2024,4,Abril
Quarta,10/04/2024,treinamento Casa São Paulo / Ônix + prev casa santo André 1 P-7073,Barbosa,Trabalhado,HT2000GA,2,0,82,0,0,0,0,1,0,Santo André,SP,0,0,0,35,3547809,2024,4,Abril
Quinta,11/04/2024,inst e trei Casa Santo André 1 I-757,Barbosa,Trabalhado,HT2000GA,1,1,111,0,0,0,1,1,0,Santo André,SP,0,0,0,35,3547809,2024,4,Abril
Sexta,12/04/2024,trei Casa Santo André 1 (07:58-17:01) + papelada,Barbosa,Trabalhado,HT2000GA,2,0,112,0,0,0,0,1,0,Santo André,SP,0,1,0,35,3547809,2024,4,Abril
sábado,13/04/2024,Folga,0,Folga,,0,0,0,0,0,0,0,0,0,São Paulo,SP,0,0,0,35,3550308,2024,4,Abril
Domingo,14/04/2024,Folga,0,Folga,,0,0,0,0,0,0,0,0,0,São Paulo,SP,0,0,0,35,3550308,2024,4,Abril
Segunda,15/04/2024,inst Casa Guayi (OS. Alex),Barbosa,Trabalhado,HT2000GA,1,0,62,0,0,0,1,0,0,Guarulhos,SP,0,0,0,35,3518800,2024,4,Abril
Terça,16/04/2024,Inst SAP CPP Feminino Butantã I-775 + conector santa Efigênia,Barbosa,Trabalhado,HT2000GA,1,1,171,0,0,0,1,0,0,São Paulo,SP,0,0,0,35,3550308,2024,4,Abril
Quarta,17/04/2024,Inst e trei CPP Feminino Butantã I-775 + adaptador hdmi/VGA Kalunga + reunião 08:15,Barbosa,Trabalhado,HT2000GA,3,1,201,0,0,0,1,1,0,São Paulo,SP,0,0,0,35,3550308,2024,4,Abril
Quinta,18/04/2024,prev Casa - Caraguatatuba P-7071 - Lorena P-7072 - Taubaté P-7075 - Jacareí P-7076,Diego,Trabalhado,HT2000GA,0,4,443,0,4,0,0,0,0,Caraguatatuba,SP,0,0,0,35,3510500,2024,4,Abril
Sexta,19/04/2024,alinhamento BH Barbosa as 08:30 + papelada,Barbosa,Trabalhado,,2,0,0,0,0,0,0,0,0,São Paulo,SP,0,1,0,35,3550308,2024,4,Abril
sábado,20/04/2024,Folga,0,Folga,,0,0,0,0,0,0,0,0,0,São Paulo,SP,0,0,0,35,3550308,2024,4,Abril
Domingo,21/04/2024,Tiradentes,0,Feriado,,0,0,0,0,0,0,0,0,0,São Paulo,SP,0,0,0,35,3550308,2024,4,Abril
Segunda,22/04/2024,vôo ida GRU - CNF 13:05 + Corr tr2000dc aerop confins C-3286,Barbosa,Trabalhado,TR2000DC,1,1,50,496,0,1,0,0,1,Confins,MG,0,0,0,31,3117876,2024,4,Abril
Terça,23/04/2024,trei aerop confins tr2000dc + canetas Diego,Barbosa,Trabalhado,TR2000DC,2,0,0,0,0,0,0,1,1,Confins,MG,0,0,0,31,3117876,2024,4,Abril
Quarta,24/04/2024,trei aerop confins tr2000dc,Barbosa,Trabalhado,TR2000DC,1,0,0,0,0,0,0,1,1,Confins,MG,0,0,0,31,3117876,2024,4,Abril
Quinta,25/04/2024,trei aerop confins tr2000dc + Corr. aerop Confins tr2000dc C-3304,Barbosa,Trabalhado,TR2000DC,1,1,0,0,0,1,0,1,1,Confins,MG,0,0,0,31,3117876,2024,4,Abril
Sexta,26/04/2024,trei aerop confins tr2000dc + vôo CNF - GRU as 18:35,Barbosa,Trabalhado,TR2000DC,2,0,50,496,0,0,0,1,1,Confins,MG,0,0,0,31,3117876,2024,4,Abril
sábado,27/04/2024,rem. Cad. seg. máxima Maceió R-795,Bruno,Trabalhado,HT2000GA,0,1,0,0,0,1,0,0,0,São Paulo,SP,0,0,0,35,3550308,2024,4,Abril
Domingo,28/04/2024,Folga,0,Folga,,0,0,0,0,0,0,0,0,0,São Paulo,SP,0,0,0,35,3550308,2024,4,Abril
Segunda,29/04/2024,Papelada + sup Ricardo Maceió + rem pres Itajubá MG Ht2000 R-797,Bruno,Trabalhado,HT2000GA,2,1,0,0,0,1,0,0,0,São Paulo,SP,0,1,0,35,3550308,2024,4,Abril
Terça,30/04/2024,prev casa Peruíbe P-7098 + alin trein aerop Fortaleza + aviso HT Timon Paulinele,PCM,Trabalhado,HT2000GA,2,1,344,0,1,0,0,0,0,Peruibe,SP,0,0,0,35,3537602,2024,4,Abril
Quarta,01/05/2024,Dia do trabalho,0,Feriado,,0,0,0,0,0,0,0,0,0,São Paulo,SP,0,0,0,35,3550308,2024,5,Maio
Quinta,02/05/2024,Suporte Anderson recife,Bruno,Trabalhado,,1,0,0,0,0,0,0,0,0,São Paulo,SP,0,0,0,35,3550308,2024,5,Maio
Sexta,03/05/2024,novo cartão correios + Papelada,Bruno,Trabalhado,,1,0,0,0,0,0,0,0,0,São Paulo,SP,0,1,0,35,3550308,2024,5,Maio
sábado,04/05/2024,Folga,0,Folga,,0,0,0,0,0,0,0,0,0,São Paulo,SP,0,0,0,35,3550308,2024,5,Maio
Domingo,05/05/2024,rem. aerop confins TR2000DC R-800,Bruno,Trabalhado,TR2000DC,0,1,0,0,0,1,0,0,0,São Paulo,SP,0,0,0,35,3550308,2024,5,Maio
Segunda,06/05/2024,vôo ida GRU - FOR as 08:25,Barbosa,Trabalhado,TR2000DC,1,0,70,2357,0,0,0,0,1,Fortaleza,CE,0,0,0,23,2304400,2024,5,Maio
Terça,07/05/2024,corr aerop Fortaleza TR2000DC com Jin C-3427,Barbosa,Trabalhado,TR2000DC,0,1,27,0,0,1,0,0,1,Fortaleza,CE,0,0,0,23,2304400,2024,5,Maio
Quarta,08/05/2024,Operação assistida aeroporto fortaleza,Barbosa,Trabalhado,TR2000DC,1,0,67,0,0,0,0,1,1,Fortaleza,CE,0,0,0,23,2304400,2024,5,Maio
Quinta,09/05/2024,Operação assistida aeroporto fortaleza,Barbosa,Trabalhado,TR2000DC,1,0,56,0,0,0,0,1,1,Fortaleza,CE,0,0,0,23,2304400,2024,5,Maio
Sexta,10/05/2024,Folga plantão + vôo retorno FOR - GRU as 18:30 + ass TR2000DC Pascoal,Barbosa,Trabalhado,TR2000DC,1,0,100,2357,0,0,0,0,1,Fortaleza,CE,1,0,0,23,2304400,2024,5,Maio
sábado,11/05/2024,Plantão,Plantão,Trabalhado,,1,0,0,0,0,0,0,0,0,São Paulo,SP,0,0,1,35,3550308,2024,5,Maio
Domingo,12/05/2024,Plantão,Plantão,Trabalhado,,1,0,0,0,0,0,0,0,0,São Paulo,SP,0,0,1,35,3550308,2024,5,Maio
Segunda,13/05/2024,carro movida GRU +  ida três corações/MG + log antigo Jin,Barbosa,Trabalhado,,3,0,291,0,0,0,0,0,1,Três Corações,MG,0,0,0,31,3169307,2024,5,Maio
Terça,14/05/2024,treinamento 3 corações MG C-3455 + material canaleta,Barbosa,Trabalhado,HT2000GA,1,1,102,0,0,0,0,1,1,Três Corações,MG,0,0,0,31,3169307,2024,5,Maio
Quarta,15/05/2024,rede online + instalação canaleta + remota Forum RJ R-807 + volta três corações/MG + movida GRU,Barbosa,Trabalhado,CX5030T,4,1,383,0,0,1,0,0,1,Três Corações,MG,0,0,0,31,3169307,2024,5,Maio
Quinta,16/05/2024,OS desm. Casa Santo André 1 C-3458 + jadlog entrada não autorizada,Sheila,Trabalhado,HT2000GA,1,1,163,0,0,1,0,0,0,São Paulo,SP,0,0,0,35,3550308,2024,5,Maio
Sexta,17/05/2024,Folga Plantão + papelada,0,Folga Plantão,,1,0,0,0,0,0,0,0,0,São Paulo,SP,0,1,0,35,3550308,2024,5,Maio
sábado,18/05/2024,Plantão,Plantão,Trabalhado,,1,0,0,0,0,0,0,0,0,São Paulo,SP,0,0,1,35,3550308,2024,5,Maio
Domingo,19/05/2024,Plantão,Plantão,Trabalhado,,1,0,0,0,0,0,0,0,0,São Paulo,SP,0,0,1,35,3550308,2024,5,Maio
Segunda,20/05/2024,Jadlog 02 CX6040BI C-3482/P-4904/P-4906 + mov. e prev. casa nova vida/paulista  C-3486/P-7176 (08:00-17:30),Barbosa,Trabalhado,CX6040BI,0,5,102,0,3,2,0,0,0,São Paulo,SP,0,0,0,35,3550308,2024,5,Maio
Terça,21/05/2024,trein Edvaldo  + mov. casa Guarujá C-3490 + mov. e prev. casa são Bernardo C-3495,Barbosa,Trabalhado,HT2000GA,1,2,265,0,0,2,0,1,0,São Bernardo do Campo,SP,0,0,0,35,3548708,2024,5,Maio
Quarta,22/05/2024,trein Edvaldo (prev com ele) + mov. e prev. casa Santo André 1 C-3501 + mov. e prev. casa Santo André 2 C-3506,Barbosa,Trabalhado,HT2000GA,1,2,138,0,0,2,0,1,0,Santo André,SP,0,0,0,35,3547809,2024,5,Maio
Quinta,23/05/2024,trein Edvaldo + mov. Casa Itaquá C-3509,Barbosa,Trabalhado,HT2000GA,1,1,103,0,0,1,0,1,0,Itaquaquecetuba,SP,0,0,0,35,3523107,2024,5,Maio
Sexta,24/05/2024,trein Edvaldo + mov. casa Guarujá (08:00-17:00),Barbosa,Trabalhado,HT2000GA,2,0,225,0,0,0,0,1,0,Guarujá,SP,0,0,0,35,3518701,2024,5,Maio
sábado,25/05/2024,Folga,0,Folga,,0,0,0,0,0,0,0,0,0,São Paulo,SP,0,0,0,35,3550308,2024,5,Maio
Domingo,26/05/2024,Folga,0,Folga,,0,0,0,0,0,0,0,0,0,São Paulo,SP,0,0,0,35,3550308,2024,5,Maio
Segunda,27/05/2024,treinamento online + papelada,Barbosa,Trabalhado,,2,0,0,0,0,0,0,1,0,São Paulo,SP,0,1,0,35,3550308,2024,5,Maio
Terça,28/05/2024,acomp. Zhao soft casa vl Leopoldina 09:30 OS C-3532 + sup Ricardo Maceió,Barbosa,Trabalhado,HT2000GA,1,1,106,0,0,1,0,0,0,São Paulo,SP,0,0,0,35,3550308,2024,5,Maio
Quarta,29/05/2024,sup Ricardo Maceió + alin prev MG + sup Paulinele,PCM,Trabalhado,,3,0,0,0,0,0,0,0,0,São Paulo,SP,0,0,0,35,3550308,2024,5,Maio
Quinta,30/05/2024,Corpus Christi,0,Feriado,,0,0,0,0,0,0,0,0,0,São Paulo,SP,0,0,0,35,3550308,2024,5,Maio
Sexta,31/05/2024,Fabrica Emendou,0,Feriado,,0,0,0,0,0,0,0,0,0,São Paulo,SP,0,0,0,35,3550308,2024,5,Maio
sábado,01/06/2024,Folga,0,Folga,,0,0,0,0,0,0,0,0,0,São Paulo,SP,0,0,0,35,3550308,2024,6,Junho
Domingo,02/06/2024,Folga,0,Folga,,0,0,0,0,0,0,0,0,0,São Paulo,SP,0,0,0,35,3550308,2024,6,Junho
Segunda,03/06/2024,carro GRU + Ida pouso Alegre + sup Edvaldo,PCM,Trabalhado,,3,0,200,0,0,0,0,0,1,Pouso Alegre,MG,0,0,0,31,3152501,2024,6,Junho
Terça,04/06/2024,prev HT Alfenas 7233 e três corações P-7232,PCM,Trabalhado,HT2000GA,0,2,336,0,2,0,0,0,1,Alfenas,MG,0,0,0,31,3101607,2024,6,Junho
Quarta,05/06/2024,prev e trein HT Itajubá P-7237 + prev HT pouso Alegre/MG P-7238,PCM,Trabalhado,HT2000GA,1,2,129,0,2,0,0,1,1,Itajuba,MG,0,0,0,31,3132404,2024,6,Junho
Quinta,06/06/2024,Trein pouso alegre e Itajubá,Barbosa,Trabalhado,HT2000GA,2,0,131,0,0,0,0,2,1,Itajuba,MG,0,0,0,31,3132404,2024,6,Junho
Sexta,07/06/2024,trein pouso Alegre e Itajubá + retorno SP + carro GRU,Barbosa,Trabalhado,HT2000GA,4,0,312,0,0,0,0,2,1,Itajuba,MG,0,0,0,31,3132404,2024,6,Junho
sábado,08/06/2024,Folga,0,Folga,,0,0,0,0,0,0,0,0,0,São Paulo,SP,0,0,0,35,3550308,2024,6,Junho
Domingo,09/06/2024,Folga,0,Folga,,0,0,0,0,0,0,0,0,0,São Paulo,SP,0,0,0,35,3550308,2024,6,Junho
Segunda,10/06/2024,semana Nuctech + papelada + rem rodoviária Roraima R-821,Barbosa,Trabalhado,CX100100TI,2,1,144,0,0,1,0,1,1,Boa Vista,RR,0,0,0,14,1400100,2024,6,Junho
Terça,11/06/2024,semana Nuctech + sup Edvaldo,Barbosa,Trabalhado,,2,0,21,0,0,0,0,1,1,Indaiatuba,SP,0,0,0,35,3520509,2024,6,Junho
Quarta,12/06/2024,semana Nuctech + sup Elvis + sup Cristiano,Barbosa,Trabalhado,,3,0,13,0,0,0,0,1,1,Indaiatuba,SP,0,0,0,35,3520509,2024,6,Junho
Quinta,13/06/2024,semana Nuctech trein TR2000DC (08:00-17:30),Barbosa,Trabalhado,,1,0,12,0,0,0,0,1,1,Indaiatuba,SP,0,0,0,35,3520509,2024,6,Junho
Sexta,14/06/2024,semana Nuctech + Corr ML GRU 2 OS Rogério C-3619 + Rogério Casa,Barbosa,Trabalhado,CX100100D,1,1,177,0,0,1,0,1,1,Indaiatuba,SP,0,0,0,35,3520509,2024,6,Junho
sábado,15/06/2024,Folga,0,Folga,,0,0,0,0,0,0,0,0,0,São Paulo,SP,0,0,0,35,3550308,2024,6,Junho
Domingo,16/06/2024,Folga,0,Folga,,0,0,0,0,0,0,0,0,0,São Paulo,SP,0,0,0,35,3550308,2024,6,Junho
Segunda,17/06/2024,Prefeitura SP as 10:30 C3624/P5006 + papelada,Barbosa,Trabalhado,CX6040BI,4,2,65,0,1,1,0,0,0,São Paulo,SP,0,0,0,35,3550308,2024,6,Junho
Terça,18/06/2024,Movida GRU + Edvaldo e Wesley + comprovante hotel pouso alegre + ida Alfenas  (08:00-17:30),Barbosa,Trabalhado,,4,0,320,0,0,0,0,0,1,Alfenas,MG,0,0,0,31,3101607,2024,6,Junho
Quarta,19/06/2024,mudança Alfenas C-3639,Barbosa,Trabalhado,HT2000GA,0,1,19,0,0,1,0,0,1,Alfenas,MG,0,0,0,31,3101607,2024,6,Junho
Quinta,20/06/2024,instalação Alfenas I-833,Barbosa,Trabalhado,HT2000GA,0,1,21,0,0,0,1,0,1,Alfenas,MG,0,0,0,31,3101607,2024,6,Junho
Sexta,21/06/2024,ins Alfenas I-833 com Dalin e Yaoli + compra material cabine,Barbosa,Trabalhado,HT2000GA,1,1,47,0,0,0,1,0,1,Alfenas,MG,0,0,0,31,3101607,2024,6,Junho
sábado,22/06/2024,Folga + inst alfenas I-833 + volta SP + Edvaldo e Wesley + movida GRU,Barbosa,Trabalhado,HT2000GA,3,1,326,0,0,0,1,0,1,Alfenas,MG,1,0,0,31,3101607,2024,6,Junho
Domingo,23/06/2024,Folga,0,Folga,,0,0,0,0,0,0,0,0,0,São Paulo,SP,0,0,0,35,3550308,2024,6,Junho
Segunda,24/06/2024,papelada + vôo ida GRU-BSB-BVB as 17:45,Barbosa,Trabalhado,,2,0,70,3393,0,0,0,0,1,Boa Vista,RR,0,0,0,14,1400100,2024,6,Junho
Terça,25/06/2024,Corr e prev Rod. Roraima C-3656 / P-5096 + envio docs alfenas,Barbosa,Trabalhado,CX100100TI,1,2,25,0,1,1,0,0,1,Boa Vista,RR,0,0,0,14,1400100,2024,6,Junho
Quarta,26/06/2024,Rodoviária Roraima,Barbosa,Trabalhado,CX100100TI,1,0,0,0,0,0,0,0,1,Boa Vista,RR,0,0,0,14,1400100,2024,6,Junho
Quinta,27/06/2024,Vôo retorno BVB-BSB-GRU as 11:30,Barbosa,Trabalhado,,1,0,70,3393,0,0,0,0,1,Boa Vista,RR,0,0,0,14,1400100,2024,6,Junho
Sexta,28/06/2024,Folga Plantão,0,Folga Plantão,,0,0,0,0,0,0,0,0,0,São Paulo,SP,0,0,0,35,3550308,2024,6,Junho
sábado,29/06/2024,Plantão + op ass casa Terra Nova C-3674 + rem casa vila Maria R-835,Plantão,Trabalhado,HT2000GA,1,2,53,0,0,2,0,1,0,Itaquaquecetuba,SP,0,0,1,35,3523107,2024,6,Junho
Domingo,30/06/2024,Plantão + operação assistida casa Terra Nova C-3674,Plantão,Trabalhado,HT2000GA,1,1,55,0,0,1,0,1,0,Itaquaquecetuba,SP,0,0,1,35,3523107,2024,6,Junho
Segunda,01/07/2024,op ass e prev casa Terra Nova C-3674 / P-7314 + prev safra TR2000DC P-ETD055 e Corr safra 6040bi C-3678,Barbosa,Trabalhado,TR2000DC,0,4,132,0,2,2,0,1,0,Itaquaquecetuba,SP,0,0,0,35,3523107,2024,7,Julho
Terça,02/07/2024,op ass e prev casa Terra Nova C-3674 + reunião às 08:00 + trein online fundação casa  as 13:00,Barbosa,Trabalhado,HT2000GA,3,0,0,0,0,0,0,1,0,Itaquaquecetuba,SP,0,0,0,35,3523107,2024,7,Julho
Quarta,03/07/2024,op ass casa Terra Nova C-3674 + trein online fundação casa as 14:00,Barbosa,Trabalhado,HT2000GA,2,0,0,0,0,0,0,1,0,Itaquaquecetuba,SP,0,0,0,35,3523107,2024,7,Julho
Quinta,04/07/2024,trei e prev casa Chiquinha Gonzaga P-7329,Barbosa,Trabalhado,HT2000GA,2,1,71,0,0,0,0,1,0,São Paulo,SP,0,0,0,35,3550308,2024,7,Julho
Sexta,05/07/2024,trei casa Chiquinha Gonzaga + papelada,Barbosa,Trabalhado,HT2000GA,2,0,73,0,0,0,0,1,0,São Paulo,SP,0,0,0,35,3550308,2024,7,Julho
sábado,06/07/2024,Folga,0,Folga,,0,0,0,0,0,0,0,0,0,São Paulo,SP,0,0,0,35,3550308,2024,7,Julho
Domingo,07/07/2024,Folga,0,Folga,,0,0,0,0,0,0,0,0,0,São Paulo,SP,0,0,0,35,3550308,2024,7,Julho
Segunda,08/07/2024,Folga do dia 08/04 férias,0,Folga,,0,0,0,0,0,0,0,0,0,São Paulo,SP,0,0,0,35,3550308,2024,7,Julho
Terça,09/07/2024,Feriado SP Revolução Constitucionalista,0,Feriado,,0,0,0,0,0,0,0,0,0,São Paulo,SP,0,0,0,35,3550308,2024,7,Julho
Quarta,10/07/2024,vôo ida CGH-CNF-GVR as 06:05 + carro e hotel só veio as 14:00,PCM,Trabalhado,,2,0,70,840,0,0,0,0,1,Governador Valadares,MG,0,0,0,31,3127701,2024,7,Julho
Quinta,11/07/2024,prev cadeia e penit gov Valadares/MG P-7363/P-7367 + troca hotel + lista casa Chiquinha Gonzaga,PCM,Trabalhado,HT2000GA,2,2,158,0,2,0,0,0,1,Governador Valadares,MG,0,0,0,31,3127701,2024,7,Julho
Sexta,12/07/2024,prev Caratinga/MG P-7369 + Corr cadeia Gov Valadares C-3757,PCM,Trabalhado,HT2000GA,0,2,285,0,1,1,0,0,1,Caratinga,MG,0,0,0,31,3113404,2024,7,Julho
sábado,13/07/2024,Folga + vôo volta GVR-CNF-CGH as 09:40,PCM,Trabalhado,,1,0,70,840,0,0,0,0,1,Governador Valadares,MG,1,0,0,31,3127701,2024,7,Julho
Domingo,14/07/2024,Folga,0,Folga,,0,0,0,0,0,0,0,0,0,São Paulo,SP,0,0,0,35,3550308,2024,7,Julho
Segunda,15/07/2024,devolução placas Rod Roraima fábrica + papelada + rem power R-849,PCM,Trabalhado,CX6040BI,2,1,288,0,0,1,0,0,0,Indaiatuba,SP,0,0,0,35,3520509,2024,7,Julho
Terça,16/07/2024,treinamento tfk cancelado,PCM,Trabalhado,,1,0,0,0,0,0,0,1,0,Guarulhos,SP,0,0,0,35,3518800,2024,7,Julho
Quarta,17/07/2024,MCB penitenciária Mairinque C-3785 + retirada no break fábrica + rem fórum gov Valadares R-850,PCM,Trabalhado,CX5030T,1,2,341,0,0,2,0,0,0,Mairinque,SP,0,0,0,35,3528403,2024,7,Julho
Quinta,18/07/2024,trein prático e prev Casa Ruth Pistori P-7394 + troca no break power min da economia C-3792,PCM,Trabalhado,HT2000GA,1,2,98,0,1,1,0,1,0,São Paulo,SP,0,0,0,35,3550308,2024,7,Julho
Sexta,19/07/2024,alinhamento viagem RJ + papelada,Sheila,Trabalhado,,2,0,0,0,0,0,0,0,0,São Paulo,SP,0,0,0,35,3550308,2024,7,Julho
sábado,20/07/2024,Folga,0,Folga,,0,0,0,0,0,0,0,0,0,São Paulo,SP,0,0,0,35,3550308,2024,7,Julho
Domingo,21/07/2024,Folga,0,Folga,,0,0,0,0,0,0,0,0,0,São Paulo,SP,0,0,0,35,3550308,2024,7,Julho
Segunda,22/07/2024,,0,Sem Atividade,,0,0,0,0,0,0,0,0,0,São Paulo,SP,0,0,0,35,3550308,2024,7,Julho
Terça,23/07/2024,vôo ida CGH-SDU as 10:45 + credencial GIG,Mariana,Trabalhado,,2,0,60,0,0,0,0,0,1,Rio de Janeiro,RJ,0,0,0,33,3304557,2024,7,Julho
Quarta,24/07/2024,recebimento as 10:00 + Inst TR2000DC GIG I-870,Mariana,Trabalhado,TR2000DC,1,1,117,0,0,0,1,0,1,Rio de Janeiro,RJ,0,0,0,33,3304557,2024,7,Julho
Quinta,25/07/2024,Inst e trein 02 100100D GIG I-875/I-866,Mariana,Trabalhado,CX100100D,0,2,112,0,0,0,2,1,1,Rio de Janeiro,RJ,0,0,0,33,3304557,2024,7,Julho
Sexta,26/07/2024,Folga plantão + Trein TR2000DC GIG + Compra e troca cabos vídeo 100100D,Mariana,Trabalhado,TR2000DC,1,1,97,0,0,0,0,1,1,Rio de Janeiro,RJ,1,0,0,33,3304557,2024,7,Julho
sábado,27/07/2024,Plantão SP + vôo retorno SDU-CGH as 12:05,Mariana,Trabalhado,,2,0,70,366,0,0,0,0,1,Rio de Janeiro,RJ,0,0,1,33,3304557,2024,7,Julho
Domingo,28/07/2024,Plantão,Plantão,Trabalhado,,1,0,0,0,0,0,0,0,0,São Paulo,SP,0,0,1,35,3550308,2024,7,Julho
Segunda,29/07/2024,Folga Plantão,0,Folga Plantão,,0,0,0,0,0,0,0,0,0,São Paulo,SP,0,0,0,35,3550308,2024,7,Julho
Terça,30/07/2024,Devolver no break fábrica + Papelada,Bruno,Trabalhado,,2,0,335,0,0,0,0,0,0,Indaiatuba,SP,0,0,0,35,3520509,2024,7,Julho
Quarta,31/07/2024,trein e docs casa praia grande 1 I883/P7430/C3880,Mariana,Trabalhado,HT2000GA,1,3,210,0,1,1,1,1,0,Praia Grande,SP,0,0,0,35,3541000,2024,7,Julho
Quinta,01/08/2024,trei 100100D Anjun Guarulhos + sup Anderson,Barbosa,Trabalhado,CX100100D,2,0,76,0,0,0,0,1,0,Guarulhos,SP,0,0,0,35,3518800,2024,8,Agosto
Sexta,02/08/2024,trei e docs casa praia grande 2 I890/P7441/C3892 + sup Alex Sandro,Mariana,Trabalhado,HT2000GA,2,3,220,0,1,1,1,1,0,Praia Grande,SP,0,0,0,35,3541000,2024,8,Agosto
sábado,03/08/2024,Folga,0,Folga,,0,0,0,0,0,0,0,0,0,São Paulo,SP,0,0,0,35,3550308,2024,8,Agosto
Domingo,04/08/2024,Folga,0,Folga,,0,0,0,0,0,0,0,0,0,São Paulo,SP,0,0,0,35,3550308,2024,8,Agosto
Segunda,05/08/2024,Prev desm e inst casa Osasco 1  P7444/C3902/I895,Mariana,Trabalhado,HT2000GA,0,3,194,0,1,1,1,0,0,Osasco,SP,0,0,0,35,3534401,2024,8,Agosto
Terça,06/08/2024,inst casa Osasco 1 + papelada,Mariana,Trabalhado,HT2000GA,1,1,203,0,0,0,1,0,0,Osasco,SP,0,0,0,35,3534401,2024,8,Agosto
Quarta,07/08/2024,trei casa Osasco 1 + inst casa Osasco 2 P7463/C3915/I902,Mariana,Trabalhado,HT2000GA,1,3,202,0,1,1,1,1,0,Osasco,SP,0,0,0,35,3534401,2024,8,Agosto
Quinta,08/08/2024,inst casa Osasco 2,Mariana,Trabalhado,HT2000GA,0,1,203,0,0,0,1,0,0,Osasco,SP,0,0,0,35,3534401,2024,8,Agosto
Sexta,09/08/2024,trei casa Osasco 2,Mariana,Trabalhado,HT2000GA,1,0,201,0,0,0,0,1,0,Osasco,SP,0,0,0,35,3534401,2024,8,Agosto
sábado,10/08/2024,Folga,0,Folga,,0,0,0,0,0,0,0,0,0,São Paulo,SP,0,0,0,35,3550308,2024,8,Agosto
Domingo,11/08/2024,Folga,0,Folga,,0,0,0,0,0,0,0,0,0,São Paulo,SP,0,0,0,35,3550308,2024,8,Agosto
Segunda,12/08/2024,ret carro GRU + ida Itajubá,Mariana,Trabalhado,,2,0,215,0,0,0,0,0,1,Itajubá,MG,0,0,0,31,3132404,2024,8,Agosto
Terça,13/08/2024,inst e trei Itajubá 6040BI-S I923,Mariana,Trabalhado,HT2000GA,1,1,48,0,0,0,1,1,1,Itajubá,MG,0,0,0,31,3132404,2024,8,Agosto
Quarta,14/08/2024,inst e trei São Lourenço 6040BI-S I926 + retorno SP + Dev carro GRU,Mariana,Trabalhado,HT2000GA,2,1,343,0,0,0,1,1,1,São Lourenço,MG,0,0,0,31,3163706,2024,8,Agosto
Quinta,15/08/2024,,0,Sem Atividade,,0,0,0,0,0,0,0,0,0,São Paulo,SP,0,0,0,35,3550308,2024,8,Agosto
Sexta,16/08/2024,Ret peças FS São Sebastião fábrica,Barbosa,Trabalhado,,1,0,291,0,0,0,0,0,0,Indaiatuba,SP,0,0,0,35,3520509,2024,8,Agosto
sábado,17/08/2024,Folga + Corr FS São Sebastião OS-C_FS_MT_481,Barbosa,Trabalhado,FS6000,0,1,412,0,0,1,0,0,0,São Sebastião,SP,1,0,0,35,3550704,2024,8,Agosto
Domingo,18/08/2024,Folga,0,Folga,,0,0,0,0,0,0,0,0,0,São Paulo,SP,0,0,0,35,3550308,2024,8,Agosto
Segunda,19/08/2024,Papelada + sup Ricardo + remota ML GRU 2 100100D R870,Bruno,Trabalhado,CX100100D,2,1,0,0,0,1,0,0,0,São Paulo,SP,0,0,0,35,3550308,2024,8,Agosto
Terça,20/08/2024,trein Casa Manacá da Serra + Rem aerop pelotas 6040bi R875,Barbosa,Trabalhado,CX6040BI,1,1,121,0,0,1,0,1,0,Franco da Rocha,SP,0,0,0,35,3516408,2024,8,Agosto
Quarta,21/08/2024,,0,Sem Atividade,,0,0,0,0,0,0,0,0,0,São Paulo,SP,0,0,0,35,3550308,2024,8,Agosto
Quinta,22/08/2024,trein TR2000 na fábrica as 10:00 e as 15:00 + ida Uberaba (Pc Mauro) + Corr pres Uberaba ht2000gal C4027,Barbosa,Trabalhado,TR2000DC,3,1,623,0,0,1,0,1,1,Uberaba,MG,0,0,0,31,3170107,2024,8,Agosto
Sexta,23/08/2024,ret Uberaba + Pc Mauro fábrica,Barbosa,Trabalhado,,2,0,619,0,0,0,0,0,0,Uberaba,MG,0,0,0,31,3170107,2024,8,Agosto
sábado,24/08/2024,Folga,0,Folga,,0,0,0,0,0,0,0,0,0,São Paulo,SP,0,0,0,35,3550308,2024,8,Agosto
Domingo,25/08/2024,Folga,0,Folga,,0,0,0,0,0,0,0,0,0,São Paulo,SP,0,0,0,35,3550308,2024,8,Agosto
Segunda,26/08/2024,papelada + trei casa Turiassú + envio correção ponto Uberaba,Mariana,Trabalhado,HT2000GA,3,0,65,0,0,0,0,1,0,São Paulo,SP,0,0,0,35,3550308,2024,8,Agosto
Terça,27/08/2024,trei casa Vila Leopoldina + material FS + testar cartão novo Correios + ida São Sebastião,Mariana,Trabalhado,HT2000GA,4,0,407,0,0,0,0,1,1,São Sebastião,SP,0,0,0,35,3550704,2024,8,Agosto
Quarta,28/08/2024,troca peças FS São Sebastião OS-C_FS_MT_484,Mariana,Trabalhado,FS6000,0,1,163,0,0,1,0,0,0,São Sebastião,SP,0,0,0,35,3550704,2024,8,Agosto
Quinta,29/08/2024,corr FS São Sebastião OS-C_FS_MT_485,Mariana,Trabalhado,FS6000,0,1,397,0,0,0,0,0,0,São Sebastião,SP,0,0,0,35,3550704,2024,8,Agosto
Sexta,30/08/2024,Folga Plantão + papelada,0,Folga Plantão,,1,0,0,0,0,0,0,0,0,São Paulo,SP,0,0,0,35,3550308,2024,8,Agosto
sábado,31/08/2024,Plantão + rem casa Topázio R-885,Plantão,Trabalhado,HT2000GA,1,1,0,0,0,1,0,0,0,São Paulo,SP,0,0,1,35,3550308,2024,8,Agosto
Domingo,01/09/2024,Plantão,Plantão,Trabalhado,,1,0,0,0,0,0,0,0,0,São Paulo,SP,0,0,1,35,3550308,2024,9,Setembro
Segunda,02/09/2024,,0,Sem Atividade,,0,0,0,0,0,0,0,0,0,São Paulo,SP,0,0,0,35,3550308,2024,9,Setembro
Terça,03/09/2024,sup André,Barbosa,Trabalhado,,1,0,0,0,0,0,0,0,0,São Paulo,SP,0,0,0,35,3550308,2024,9,Setembro
Quarta,04/09/2024,sensores Rene hotel GRU + Corr FS São Sebastião OS-C_FS_MT-486,Mariana,Trabalhado,FS6000,1,1,465,0,0,1,0,0,0,São Sebastião,SP,0,0,0,35,3550704,2024,9,Setembro
Quinta,05/09/2024,Sensor fábrica + peça Alexsander Jacareí,Mariana,Trabalhado,,2,0,370,0,0,0,0,0,0,Jacareí,SP,0,0,0,35,3524402,2024,9,Setembro
Sexta,06/09/2024,"Safra sem caneta, sem atendimento + papelada",Barbosa,Trabalhado,,1,0,0,0,0,0,0,0,0,São Paulo,SP,0,0,0,35,3550308,2024,9,Setembro
sábado,07/09/2024,Independência,0,Feriado,,0,0,0,0,0,0,0,0,0,São Paulo,SP,0,0,0,35,3550308,2024,9,Setembro
Domingo,08/09/2024,Folga,0,Folga,,0,0,0,0,0,0,0,0,0,São Paulo,SP,0,0,0,35,3550308,2024,9,Setembro
Segunda,09/09/2024,alinhamento FS Santos Brasil,Mariana,Trabalhado,,1,0,0,0,0,0,0,0,0,São Paulo,SP,0,0,0,35,3550308,2024,9,Setembro
Terça,10/09/2024,Anjun GRU C-4115/4116 P-5521 CX100100D,Barbosa,Trabalhado,CX100100D,0,3,61,0,1,2,0,0,0,Guarulhos,SP,0,0,0,35,3518800,2024,9,Setembro
Quarta,11/09/2024,corr Safra TR2000DC C-4128 + rem ML GRU 2 R-895,Barbosa,Trabalhado,TR2000DC,0,2,83,0,0,2,0,0,0,São Paulo,SP,0,0,0,35,3550308,2024,9,Setembro
Quinta,12/09/2024,canetas jean GRU + corr Safra TR2000DC C-4141,Barbosa,Trabalhado,TR2000DC,1,1,101,0,0,1,0,0,0,Guarulhos,SP,0,0,0,35,3518800,2024,9,Setembro
Sexta,13/09/2024,prev azul GRU Sheila local mudou,Sheila,Trabalhado,CX100100TI,1,0,96,0,0,0,0,0,0,Guarulhos,SP,0,0,0,35,3518800,2024,9,Setembro
sábado,14/09/2024,op assist Casa Mogi Mirim C-4155,Mariana,Trabalhado,HT2000GA,0,1,381,0,0,0,0,1,0,Mogi Mirim,SP,1,0,0,35,3530805,2024,9,Setembro
Domingo,15/09/2024,op assist Casa Mogi Mirim C-4155,Mariana,Trabalhado,HT2000GA,1,0,0,0,0,0,0,1,0,Mogi Mirim,SP,1,0,0,35,3530805,2024,9,Setembro
Segunda,16/09/2024,op assist Casa Mogi Mirim C-4155 + papelada,Mariana,Trabalhado,HT2000GA,2,0,0,0,0,0,0,1,0,Mogi Mirim,SP,0,0,0,35,3530805,2024,9,Setembro
Terça,17/09/2024,op assist Casa Mogi Mirim C-4155,Mariana,Trabalhado,HT2000GA,1,0,0,0,0,0,0,1,0,Mogi Mirim,SP,0,0,0,35,3530805,2024,9,Setembro
Quarta,18/09/2024,termo aceite + op assist Casa Mogi Mirim C-4155,Mariana,Trabalhado,HT2000GA,1,0,409,0,0,0,0,1,0,Mogi Mirim,SP,0,0,0,35,3530805,2024,9,Setembro
Quinta,19/09/2024,trein Romão Gomes,Mariana,Trabalhado,HT2100DV,1,0,71,0,0,0,0,1,0,São Paulo,SP,0,0,0,35,3550308,2024,9,Setembro
Sexta,20/09/2024,Folga fds anterior trabalhado,0,Folga,,0,0,0,0,0,0,0,0,0,São Paulo,SP,0,0,0,35,3550308,2024,9,Setembro
sábado,21/09/2024,Folga,0,Folga,,0,0,0,0,0,0,0,0,0,São Paulo,SP,0,0,0,35,3550308,2024,9,Setembro
Domingo,22/09/2024,Folga,0,Folga,,0,0,0,0,0,0,0,0,0,São Paulo,SP,0,0,0,35,3550308,2024,9,Setembro
Segunda,23/09/2024,levar contrato Nuctech + papelada,Sheila,Trabalhado,,2,0,269,0,0,0,0,0,0,São Paulo,SP,0,0,0,35,3550308,2024,9,Setembro
Terça,24/09/2024,,0,Sem Atividade,,0,0,0,0,0,0,0,0,0,São Paulo,SP,0,0,0,35,3550308,2024,9,Setembro
Quarta,25/09/2024,testes 02 MCB GRU + levar placas Fábrica,Barbosa,Trabalhado,,2,0,288,0,0,0,0,0,0,Indaiatuba,SP,0,0,0,35,3520509,2024,9,Setembro
Quinta,26/09/2024,ida Arceburgo/MG + Corr nutrimental Arceburgo/MG cx6040bi C-4231,Barbosa,Trabalhado,CX6040BI,1,1,338,0,0,1,0,0,1,Arceburgo,MG,0,0,0,31,3104106,2024,9,Setembro
Sexta,27/09/2024,volta Arceburgo MG,Barbosa,Trabalhado,,1,0,305,0,0,0,0,0,1,Arceburgo,MG,0,0,0,31,3104106,2024,9,Setembro
sábado,28/09/2024,Folga + voo ida GRU-PVH as 22:20,Mariana,Trabalhado,,1,0,70,2474,0,0,0,0,1,Porto Velho,RO,1,0,0,11,1100205,2024,9,Setembro
Domingo,29/09/2024,Folga + Porto velho/ RO,0,Folga,,1,0,32,0,0,0,0,0,1,Porto Velho,RO,0,0,0,11,1100205,2024,9,Setembro
Segunda,30/09/2024,inst 02 100100TI federal Porto Velho (entrega atrasada),Mariana,Trabalhado,CX100100TI,0,2,69,0,0,0,2,0,1,Porto Velho,RO,0,0,0,11,1100205,2024,9,Setembro
Terça,01/10/2024,inst e trein 02 100100TI Federal Porto Velho I-1035/1036,Mariana,Trabalhado,CX100100TI,0,2,140,0,0,0,2,1,1,Porto Velho,RO,0,0,0,11,1100205,2024,10,Outubro
Quarta,02/10/2024,inst e trein 01 100100TI Penit. Porto Velho I-1039,Mariana,Trabalhado,CX100100TI,1,1,23,0,0,0,1,1,1,Porto Velho,RO,0,0,0,11,1100205,2024,10,Outubro
Quinta,03/10/2024,ida carro Machadinho do oeste + inst Pres Machadinho do Oeste CX100100TI I-1045,Mariana,Trabalhado,CX100100TI,1,1,354,0,0,0,1,0,1,Machadinho do Oeste,RO,0,0,0,11,,2024,10,Outubro
Sexta,04/10/2024,trein 100100TI pres Machadinho do oeste + retorno porto velho + Corr. Penit Porto Velho C-4278,Mariana,Trabalhado,CX100100TI,2,1,372,0,0,1,0,1,1,Porto Velho,RO,0,0,0,11,1100205,2024,10,Outubro
sábado,05/10/2024,Folga + voo volta PVH-GRU as 01:05,Mariana,Trabalhado,,1,0,70,2474,0,0,0,0,1,Porto Velho,RO,1,0,0,11,1100205,2024,10,Outubro
Domingo,06/10/2024,Folga,0,Folga,,0,0,0,0,0,0,0,0,0,São Paulo,SP,0,0,0,35,3550308,2024,10,Outubro
Segunda,07/10/2024,Férias + papelada,0,Férias,,1,0,0,0,0,0,0,0,0,São Paulo,SP,0,0,0,35,3550308,2024,10,Outubro
Terça,08/10/2024,Férias,0,Férias,,0,0,0,0,0,0,0,0,0,São Paulo,SP,0,0,0,35,3550308,2024,10,Outubro
Quarta,09/10/2024,Férias,0,Férias,,0,0,0,0,0,0,0,0,0,São Paulo,SP,0,0,0,35,3550308,2024,10,Outubro
Quinta,10/10/2024,Férias,0,Férias,,0,0,0,0,0,0,0,0,0,São Paulo,SP,0,0,0,35,3550308,2024,10,Outubro
Sexta,11/10/2024,Férias,0,Férias,,0,0,0,0,0,0,0,0,0,São Paulo,SP,0,0,0,35,3550308,2024,10,Outubro
sábado,12/10/2024,Férias + Feriado Nossa Senhora,0,Férias,,0,0,0,0,0,0,0,0,0,São Paulo,SP,0,0,0,35,3550308,2024,10,Outubro
Domingo,13/10/2024,Férias,0,Férias,,0,0,0,0,0,0,0,0,0,São Paulo,SP,0,0,0,35,3550308,2024,10,Outubro
Segunda,14/10/2024,Férias,0,Férias,,0,0,0,0,0,0,0,0,0,São Paulo,SP,0,0,0,35,3550308,2024,10,Outubro
Terça,15/10/2024,Férias,0,Férias,,0,0,0,0,0,0,0,0,0,São Paulo,SP,0,0,0,35,3550308,2024,10,Outubro
Quarta,16/10/2024,Férias,0,Férias,,0,0,0,0,0,0,0,0,0,São Paulo,SP,0,0,0,35,3550308,2024,10,Outubro
Quinta,17/10/2024,Férias,0,Férias,,0,0,0,0,0,0,0,0,0,São Paulo,SP,0,0,0,35,3550308,2024,10,Outubro
Sexta,18/10/2024,Férias,0,Férias,,0,0,0,0,0,0,0,0,0,São Paulo,SP,0,0,0,35,3550308,2024,10,Outubro
sábado,19/10/2024,Férias,0,Férias,,0,0,0,0,0,0,0,0,0,São Paulo,SP,0,0,0,35,3550308,2024,10,Outubro
Domingo,20/10/2024,Férias,0,Férias,,0,0,0,0,0,0,0,0,0,São Paulo,SP,0,0,0,35,3550308,2024,10,Outubro
Segunda,21/10/2024,Férias,0,Férias,,0,0,0,0,0,0,0,0,0,São Paulo,SP,0,0,0,35,3550308,2024,10,Outubro
Terça,22/10/2024,prev GRU (entrada não autorizada),Sheila,Trabalhado,,1,0,98,0,0,0,0,0,0,Guarulhos,SP,0,0,0,35,3518800,2024,10,Outubro
Quarta,23/10/2024,credencial GRU as 11:30 levar docs impressos e crachá antigo + vistoria 9 máquinas GRU atualização software,Mariana,Trabalhado,CX100100TI,10,0,110,0,0,0,0,0,0,Guarulhos,SP,0,0,0,35,3518800,2024,10,Outubro
Quinta,24/10/2024,e-mail máquinas GRU + cadastrar máquinas GRU produtivo e O.S. + Corr 100100D Anjun C4381/4382/4383/4388/4389,Mariana,Trabalhado,CX100100D,2,5,98,0,0,5,0,0,0,Guarulhos,SP,0,0,0,35,3518800,2024,10,Outubro
Sexta,25/10/2024,Corr 100100D Anjun C4401,Mariana,Trabalhado,CX100100D,0,1,98,0,0,1,0,0,0,Guarulhos,SP,0,0,0,35,3518800,2024,10,Outubro
sábado,26/10/2024,Folga,0,Folga,,0,0,0,0,0,0,0,0,0,São Paulo,SP,0,0,0,35,3550308,2024,10,Outubro
Domingo,27/10/2024,Folga,0,Folga,,0,0,0,0,0,0,0,0,0,São Paulo,SP,0,0,0,35,3550308,2024,10,Outubro
Segunda,28/10/2024,Alinhamento Anjun e GRU,Mariana,Trabalhado,,1,0,0,0,0,0,0,0,0,São Paulo,SP,0,0,0,35,3550308,2024,10,Outubro
Terça,29/10/2024,inst Anjun (29/10 até 01/11) cancelada + rem azul GRU 100100TI  R-940,Mariana,Trabalhado,CX100100TI,1,1,0,0,0,1,0,0,0,Guarulhos,SP,0,0,0,35,3518800,2024,10,Outubro
Quarta,30/10/2024,prev GRU das 08:00 as 12:00 P5857/5858 + 02 Pc GRU vendido problema,Mariana,Trabalhado,CX100100D,2,2,98,0,2,0,0,0,0,Guarulhos,SP,0,0,0,35,3518800,2024,10,Outubro
Quinta,31/10/2024,fábrica leitor e software Feng + levar monitor + Corr ciaoniao VCP C4426/4427/4428,Mariana,Trabalhado,CX100100D,2,3,281,0,0,3,0,0,0,Campinas,SP,0,0,0,35,3509502,2024,10,Outubro
Sexta,01/11/2024,atualização GRU as 09:00 (GATGRU) C4473,Mariana,Trabalhado,CX100100TI,1,0,95,0,0,1,0,0,0,Guarulhos,SP,0,0,0,35,3518800,2024,11,Novembro
sábado,02/11/2024,Finados,0,Feriado,,0,0,0,0,0,0,0,0,0,São Paulo,SP,0,0,0,35,3550308,2024,11,Novembro
Domingo,03/11/2024,Folga,0,Folga,,0,0,0,0,0,0,0,0,0,São Paulo,SP,0,0,0,35,3550308,2024,11,Novembro
Segunda,04/11/2024,corr 6040BI Azul VCP C4445,Barbosa,Trabalhado,CX6040BI,0,1,293,0,0,1,0,0,0,Campinas,SP,0,0,0,35,3509502,2024,11,Novembro
Terça,05/11/2024,inst Anjun 04 100100D 05 Base elevação I1054/1055/1056/1057/C4468,Mariana,Trabalhado,CX100100D,0,5,98,0,0,1,4,0,0,Guarulhos,SP,0,0,0,35,3518800,2024,11,Novembro
Quarta,06/11/2024,inst Anjun + Corr Anjun C4454,Mariana,Trabalhado,CX100100D,1,1,98,0,0,1,1,0,0,Guarulhos,SP,0,0,0,35,3518800,2024,11,Novembro
Quinta,07/11/2024,inst Anjun + fábrica + papelada + teclado Jean,Mariana,Trabalhado,CX100100D,4,0,312,0,0,0,1,0,0,Guarulhos,SP,0,0,0,35,3518800,2024,11,Novembro
Sexta,08/11/2024,inst e trein Anjun + Corr Anjun 100100D C4466/4469 + inst plugin GRU C4473,Mariana,Trabalhado,CX100100D,2,3,64,0,0,3,1,1,0,Guarulhos,SP,0,0,0,35,3518800,2024,11,Novembro
sábado,09/11/2024,Folga,0,Folga,,0,0,0,0,0,0,0,0,0,São Paulo,SP,0,0,0,35,3550308,2024,11,Novembro
Domingo,10/11/2024,Folga,0,Folga,,0,0,0,0,0,0,0,0,0,São Paulo,SP,0,0,0,35,3550308,2024,11,Novembro
Segunda,11/11/2024,Papelada,Mariana,Trabalhado,,1,0,0,0,0,0,0,0,0,São Paulo,SP,0,0,0,35,3550308,2024,11,Novembro
Terça,12/11/2024,vôo ida GRU - GYN as 08:50 + inst e trein 03 TR2000DC aerop Goiânia I1058/1059/1060,Mariana,Trabalhado,TR2000DC,2,3,0,0,0,0,3,1,1,Goiânia,GO,0,0,0,52,5208707,2024,11,Novembro
Quarta,13/11/2024,vôo ida GYN-CGH-GIG as 08:50,Mariana,Trabalhado,,1,0,0,0,0,0,0,0,1,Rio de Janeiro,RJ,0,0,0,33,3304557,2024,11,Novembro
Quinta,14/11/2024,inst 03 6040BI e 03 portal Garret Sheraton hotel Rio com Jean e Eli,Mariana,Trabalhado,PD6500i,6,0,0,0,0,0,6,0,1,Rio de Janeiro,RJ,0,0,0,33,3304557,2024,11,Novembro
Sexta,15/11/2024,Feriado Proclamação república + retorno RJ - SP carro com Eli,Mariana,Trabalhado,,1,0,0,0,0,0,0,0,1,Rio de Janeiro,RJ,1,0,0,33,3304557,2024,11,Novembro
sábado,16/11/2024,Folga,0,Folga,,0,0,0,0,0,0,0,0,0,São Paulo,SP,0,0,0,35,3550308,2024,11,Novembro
Domingo,17/11/2024,Folga,0,Folga,,0,0,0,0,0,0,0,0,0,São Paulo,SP,0,0,0,35,3550308,2024,11,Novembro
Segunda,18/11/2024,exame periódico Nuctech as 08:00,RH,Trabalhado,,1,0,106,0,0,0,0,0,0,São Paulo,SP,0,0,0,35,3550308,2024,11,Novembro
Terça,19/11/2024,fábrica retirar Pc GRU,Barbosa,Trabalhado,,1,0,293,0,0,0,0,0,0,Indaiatuba,SP,0,0,0,35,3520509,2024,11,Novembro
Quarta,20/11/2024,Consciência Negra,0,Feriado,,0,0,0,0,0,0,0,0,0,São Paulo,SP,0,0,0,35,3550308,2024,11,Novembro
Quinta,21/11/2024,"atualização GRU (RF 01-02-03, D221, D304, D305) C4542/4543/4544/4545/4551/4552",Ailton,Trabalhado,CX100100TI,0,6,102,0,0,6,0,0,0,Guarulhos,SP,0,0,0,35,3518800,2024,11,Novembro
Sexta,22/11/2024,nova tentativa PC GRU,Mariana,Trabalhado,,1,0,62,0,0,0,0,0,0,Guarulhos,SP,0,0,0,35,3518800,2024,11,Novembro
sábado,23/11/2024,Plantão,Plantão,Trabalhado,,1,0,0,0,0,0,0,0,0,São Paulo,SP,0,0,1,35,3550308,2024,11,Novembro
Domingo,24/11/2024,Plantão,Plantão,Trabalhado,,1,0,0,0,0,0,0,0,0,São Paulo,SP,0,0,1,35,3550308,2024,11,Novembro
Segunda,25/11/2024,Folga Plantão,0,Folga Plantão,,0,0,0,0,0,0,0,0,0,São Paulo,SP,0,0,0,35,3550308,2024,11,Novembro
Terça,26/11/2024,Devolver Pc Fábrica + papelada,Mariana,Trabalhado,,2,0,379,0,0,0,0,0,0,Indaiatuba,SP,0,0,0,35,3520509,2024,11,Novembro
Quarta,27/11/2024,fábrica Pc GRU,Barbosa,Trabalhado,,1,0,265,0,0,0,0,0,0,Indaiatuba,SP,0,0,0,35,3520509,2024,11,Novembro
Quinta,28/11/2024,prev GRU 100100D as 14:00 P6025,Barbosa,Trabalhado,CX100100D,0,1,62,0,1,0,0,0,0,Indaiatuba,SP,0,0,0,35,3520509,2024,11,Novembro
Sexta,29/11/2024,Papelada,Bruno,Trabalhado,,1,0,0,0,0,0,0,0,0,São Paulo,SP,0,0,0,35,3550308,2024,11,Novembro
sábado,30/11/2024,Folga,0,Folga,,0,0,0,0,0,0,0,0,0,São Paulo,SP,0,0,0,35,3550308,2024,11,Novembro
Domingo,01/12/2024,Folga,0,Folga,,0,0,0,0,0,0,0,0,0,São Paulo,SP,0,0,0,35,3550308,2024,12,Dezembro
Segunda,02/12/2024,reunião as 08:00,Barbosa,Trabalhado,,1,0,0,0,0,0,0,0,0,São Paulo,SP,0,0,0,35,3550308,2024,12,Dezembro
Terça,03/12/2024,instalação Pc GRU,Ailton,Trabalhado,CX100100TI,1,0,101,0,0,1,0,0,0,Guarulhos,SP,0,0,0,35,3518800,2024,12,Dezembro
Quarta,04/12/2024,prev SheIn GRU 02 100100D P6040/6042,PCM,Trabalhado,CX100100D,0,2,99,0,2,0,0,0,0,Guarulhos,SP,0,0,0,35,3518800,2024,12,Dezembro
Quinta,05/12/2024,fábrica pegar Yibo para resolver Pc GRU,Diego,Trabalhado,,1,0,375,0,0,0,0,0,0,Guarulhos,SP,0,0,0,35,3518800,2024,12,Dezembro
Sexta,06/12/2024,continuação GRU yibo e Feng veio ajudar C4667 + Corr 100100D portão E C4651,Diego,Trabalhado,CX100100D,0,2,100,0,0,2,0,0,0,Guarulhos,SP,0,0,0,35,3518800,2024,12,Dezembro
sábado,07/12/2024,Folga,0,Folga,,0,0,0,0,0,0,0,0,0,São Paulo,SP,0,0,0,35,3550308,2024,12,Dezembro
Domingo,08/12/2024,Folga,0,Folga,,0,0,0,0,0,0,0,0,0,São Paulo,SP,0,0,0,35,3550308,2024,12,Dezembro
Segunda,09/12/2024,entrega 3 PCs GRU para Roberto Menezes C4667 + vôo ida GRU - PVH as 13:05 + ida carro pimenta Bueno/RO,PCM,Trabalhado,,3,0,570,0,0,0,0,0,1,Pimenta Bueno,RO,0,0,0,11,1100189,2024,12,Dezembro
Terça,10/12/2024,integ online fraport porto Alegre das 09:00 as 10:30 + Corr e prev 100100TI pres pimenta Bueno / RO C4674/P6097,PCM,Trabalhado,CX100100TI,2,0,10,0,1,1,0,0,1,Pimenta Bueno,RO,0,0,0,11,1100189,2024,12,Dezembro
Quarta,11/12/2024,ida carro cerejeiras/RO + prev cad pub de cerejeiras 100100TI P6109,PCM,Trabalhado,CX100100TI,1,1,297,0,1,0,0,0,1,Cerejeiras,RO,0,0,0,11,1100056,2024,12,Dezembro
Quinta,12/12/2024,retorno Porto Velho,PCM,Trabalhado,,1,0,802,0,0,0,0,0,1,Porto Velho,RO,0,0,0,11,1100205,2024,12,Dezembro
Sexta,13/12/2024,corr pres Porto velho 100100ti C4694 + vôo volta PVH - GRU as 16:40,Diego,Trabalhado,CX100100TI,1,1,70,2474,0,1,0,0,1,Porto Velho,RO,0,0,0,11,1100205,2024,12,Dezembro
sábado,14/12/2024,Folga,0,Folga,,0,0,0,0,0,0,0,0,0,São Paulo,SP,0,0,0,35,3550308,2024,12,Dezembro
Domingo,15/12/2024,Folga,0,Folga,,0,0,0,0,0,0,0,0,0,São Paulo,SP,0,0,0,35,3550308,2024,12,Dezembro
Segunda,16/12/2024,vôo ida GRU - BSB - BVB as 07:10,PCM,Trabalhado,,1,0,70,3393,0,0,0,0,1,Boa Vista,RR,0,0,0,14,1400100,2024,12,Dezembro
Terça,17/12/2024,prev Mapa rodoviária Boa vista Roraima 100100TI P6146,PCM,Trabalhado,CX100100TI,0,1,20,0,1,0,0,0,1,Boa Vista,RR,0,0,0,14,1400100,2024,12,Dezembro
Quarta,18/12/2024,vôo volta BVB - BSB - GRU as 13:25,PCM,Trabalhado,,1,0,70,3393,0,0,0,0,1,Boa Vista,RR,0,0,0,14,1400100,2024,12,Dezembro
Quinta,19/12/2024,levar material Feng + Papelada,Bruno,Trabalhado,,1,0,310,0,0,0,0,0,0,Indaiatuba,SP,0,0,0,35,3520509,2024,12,Dezembro
Sexta,20/12/2024,Suporte envio peça Boa Vista Diego,Diego,Trabalhado,,1,0,99,0,0,0,0,0,0,Guarulhos,SP,0,0,0,35,3518800,2024,12,Dezembro
sábado,21/12/2024,Folga,0,Folga,,0,0,0,0,0,0,0,0,0,São Paulo,SP,0,0,0,35,3550308,2024,12,Dezembro
Domingo,22/12/2024,Folga,0,Folga,,0,0,0,0,0,0,0,0,0,São Paulo,SP,0,0,0,35,3550308,2024,12,Dezembro
Segunda,23/12/2024,Corr pres Romão Gomes HT2100DV C4753,Barbosa,Trabalhado,HT2100DV,0,1,86,0,0,1,0,0,0,São Paulo,SP,0,0,0,35,3550308,2024,12,Dezembro
Terça,24/12/2024,Véspera natal,0,Feriado,,0,0,0,0,0,0,0,0,0,São Paulo,SP,0,0,0,35,3550308,2024,12,Dezembro
Quarta,25/12/2024,Natal,0,Feriado,,0,0,0,0,0,0,0,0,0,São Paulo,SP,0,0,0,35,3550308,2024,12,Dezembro
Quinta,26/12/2024,apoio Barbosa fotos,Barbosa,Trabalhado,,1,0,0,0,0,0,0,0,0,São Paulo,SP,0,0,0,35,3550308,2024,12,Dezembro
Sexta,27/12/2024,Corr pen Mairinque 100100TI as 09:00 C4776 (Brasil na 5030),Mariana,Trabalhado,CX100100TI,0,1,308,0,0,1,0,0,0,Mairinque,SP,0,0,0,35,3528403,2024,12,Dezembro
sábado,28/12/2024,Folga,0,Folga,,0,0,0,0,0,0,0,0,0,São Paulo,SP,0,0,0,35,3550308,2024,12,Dezembro
Domingo,29/12/2024,Folga,0,Folga,,0,0,0,0,0,0,0,0,0,São Paulo,SP,0,0,0,35,3550308,2024,12,Dezembro
Segunda,30/12/2024,papelada + Corr casa maestro Carlos Gomes C4787,Diego,Trabalhado,HT2000GA,1,1,289,0,0,1,0,0,0,Campinas,SP,0,0,0,35,3509502,2024,12,Dezembro
Terça,31/12/2024,Véspera ano novo,0,Feriado,,0,0,0,0,0,0,0,0,0,São Paulo,SP,0,0,0,35,3550308,2024,12,Dezembro
Quarta,01/01/2025,Ano novo,0,Feriado,,0,0,0,0,0,0,0,0,0,São Paulo,SP,0,0,0,35,3550308,2025,1,Janeiro
Quinta,02/01/2025,,0,Sem Atividade,,0,0,0,0,0,0,0,0,0,São Paulo,SP,0,0,0,35,3550308,2025,1,Janeiro
Sexta,03/01/2025,,0,Sem Atividade,,0,0,0,0,0,0,0,0,0,São Paulo,SP,0,0,0,35,3550308,2025,1,Janeiro
sábado,04/01/2025,Folga,0,Folga,,0,0,0,0,0,0,0,0,0,São Paulo,SP,0,0,0,35,3550308,2025,1,Janeiro
Domingo,05/01/2025,Folga,0,Folga,,0,0,0,0,0,0,0,0,0,São Paulo,SP,0,0,0,35,3550308,2025,1,Janeiro
Segunda,06/01/2025,,0,Sem Atividade,,0,0,0,0,0,0,0,0,0,São Paulo,SP,0,0,0,35,3550308,2025,1,Janeiro
Terça,07/01/2025,,0,Sem Atividade,,0,0,0,0,0,0,0,0,0,São Paulo,SP,0,0,0,35,3550308,2025,1,Janeiro
Quarta,08/01/2025,,0,Sem Atividade,,0,0,0,0,0,0,0,0,0,São Paulo,SP,0,0,0,35,3550308,2025,1,Janeiro
Quinta,09/01/2025,leitores GRU para Ailton + Corr Anjun 100100D C4832,Ailton,Trabalhado,CX100100D,1,1,102,0,0,1,0,0,0,Guarulhos,SP,0,0,0,35,3518800,2025,1,Janeiro
Sexta,10/01/2025,atualização GRU D220 e D304 C4860/4861 + apoio Pc GRU,Ailton,Trabalhado,CX100100TI,1,2,100,0,0,2,0,0,0,Guarulhos,SP,0,0,0,35,3518800,2025,1,Janeiro
sábado,11/01/2025,Folga,0,Folga,,0,0,0,0,0,0,0,0,0,São Paulo,SP,0,0,0,35,3550308,2025,1,Janeiro
Domingo,12/01/2025,Folga,0,Folga,,0,0,0,0,0,0,0,0,0,São Paulo,SP,0,0,0,35,3550308,2025,1,Janeiro
Segunda,13/01/2025,,0,Sem Atividade,,0,0,0,0,0,0,0,0,0,São Paulo,SP,0,0,0,35,3550308,2025,1,Janeiro
Terça,14/01/2025,apoio Pc gru + papelada + corr. 100100D GRU C4865,Ailton,Trabalhado,CX100100D,2,1,102,0,0,1,0,0,0,Guarulhos,SP,0,0,0,35,3518800,2025,1,Janeiro
Quarta,15/01/2025,Crachá definitivo Porto São Sebastião + Corr Porto São Sebastião FS6000 OS-C-FSMT506,Ranan,Trabalhado,FS6000,1,1,513,0,0,1,0,0,0,São Sebastião,SP,0,0,0,35,3550704,2025,1,Janeiro
Quinta,16/01/2025,Operação assistida FS6000 Porto São Sebastião,Ranan,Trabalhado,FS6000,1,0,422,0,0,0,0,0,0,São Sebastião,SP,0,0,0,35,3550704,2025,1,Janeiro
Sexta,17/01/2025,troca contatora FS6000 Porto São Sebastião OS-C-FSMT507,Ranan,Trabalhado,FS6000,0,1,433,0,0,1,0,0,0,São Sebastião,SP,0,0,0,35,3550704,2025,1,Janeiro
sábado,18/01/2025,Plantão,Plantão,Trabalhado,,1,0,0,0,0,0,0,0,0,São Paulo,SP,0,0,1,35,3550308,2025,1,Janeiro
Domingo,19/01/2025,Plantão,Plantão,Trabalhado,,1,0,0,0,0,0,0,0,0,São Paulo,SP,0,0,1,35,3550308,2025,1,Janeiro
Segunda,20/01/2025,Folga Plantão,0,Folga Plantão,,0,0,0,0,0,0,0,0,0,São Paulo,SP,0,0,0,35,3550308,2025,1,Janeiro
Terça,21/01/2025,compra pen drive Romão Gomes + papelada,Mariana,Trabalhado,,2,0,10,0,0,0,0,0,0,São Paulo,SP,0,0,0,35,3550308,2025,1,Janeiro
Quarta,22/01/2025,desm Romão Gomes (backup dados) C4923,Mariana,Trabalhado,HT2100DV,0,1,85,0,0,1,0,0,0,São Paulo,SP,0,0,0,35,3550308,2025,1,Janeiro
Quinta,23/01/2025,desm Romão Gomes (desmonte),Mariana,Trabalhado,HT2100DV,1,0,92,0,0,0,0,0,0,São Paulo,SP,0,0,0,35,3550308,2025,1,Janeiro
Sexta,24/01/2025,alinhamento Goiás,Mariana,Trabalhado,,1,0,0,0,0,0,0,0,0,São Paulo,SP,0,0,0,35,3550308,2025,1,Janeiro
sábado,25/01/2025,Folga,0,Folga,,0,0,0,0,0,0,0,0,0,São Paulo,SP,0,0,0,35,3550308,2025,1,Janeiro
Domingo,26/01/2025,Folga,0,Folga,,0,0,0,0,0,0,0,0,0,São Paulo,SP,0,0,0,35,3550308,2025,1,Janeiro
Segunda,27/01/2025,papelada + assinatura digital NR's + vôo ida GRU - GYN as 17:10,Mariana,Trabalhado,,3,0,50,806,0,0,0,0,1,Aparecida de Goiânia,GO,0,0,0,52,5201405,2025,1,Janeiro
Terça,28/01/2025,"Casa de Prisão Provisória - prev e desm (máquina quebrada, sem coleta de dados) P8071/C4964",Mariana,Trabalhado,HT2000GA,0,2,10,0,1,1,0,0,1,Aparecida de Goiânia,GO,0,0,0,52,5201405,2025,1,Janeiro
Quarta,29/01/2025,Casa de Prisão Provisória - embalagem e instalação I1184,Mariana,Trabalhado,HT2000GA,1,1,10,0,0,0,1,0,1,Aparecida de Goiânia,GO,0,0,0,52,5201405,2025,1,Janeiro
Quinta,30/01/2025,Casa de Prisão Provisória - instalação,Mariana,Trabalhado,HT2000GA,1,0,10,0,0,0,1,0,1,Aparecida de Goiânia,GO,0,0,0,52,5201405,2025,1,Janeiro
Sexta,31/01/2025,Casa de Prisão Provisória - treinamento,Mariana,Trabalhado,HT2000GA,1,0,10,0,0,0,0,1,1,Aparecida de Goiânia,GO,0,0,0,52,5201405,2025,1,Janeiro
sábado,01/02/2025,Folga + AP de Goiânia,0,Folga,,1,0,0,0,0,0,0,0,1,Aparecida de Goiânia,GO,0,0,0,52,5201405,2025,2,Fevereiro
Domingo,02/02/2025,Feriado Indaiatuba + AP de Goiânia,0,Feriado,,1,0,0,0,0,0,0,0,1,Aparecida de Goiânia,GO,0,0,0,52,5201405,2025,2,Fevereiro
Segunda,03/02/2025,pres. feminino Consuelo Nasser - coleta dados,Mariana,Trabalhado,HT2000GA,1,0,10,0,0,0,0,1,1,Aparecida de Goiânia,GO,0,0,0,52,5201405,2025,2,Fevereiro
Terça,04/02/2025,pres. feminino Consuelo Nasser - coleta dados,Mariana,Trabalhado,HT2000GA,1,0,10,0,0,0,0,1,1,Aparecida de Goiânia,GO,0,0,0,52,5201405,2025,2,Fevereiro
Quarta,05/02/2025,pres. feminino Consuelo Nasser - prev e Desm P8093/C5027 + Corr HT2000GAL CPP C5034,Mariana,Trabalhado,HT2000GA,0,3,10,0,1,2,0,0,1,Aparecida de Goiânia,GO,0,0,0,52,5201405,2025,2,Fevereiro
Quinta,06/02/2025,pres. feminino Consuelo Nasser - instalação I1190,Mariana,Trabalhado,HT2000GA,0,1,10,0,0,0,1,0,1,Aparecida de Goiânia,GO,0,0,0,52,5201405,2025,2,Fevereiro
Sexta,07/02/2025,pres. feminino Consuelo Nasser - treinamento + vôo retorno GYN - GRU as 20:10,Mariana,Trabalhado,HT2000GA,1,0,50,806,0,0,0,1,1,Aparecida de Goiânia,GO,0,0,0,52,5201405,2025,2,Fevereiro
sábado,08/02/2025,Folga,0,Folga,,0,0,0,0,0,0,0,0,0,São Paulo,SP,0,0,0,35,3550308,2025,2,Fevereiro
Domingo,09/02/2025,Folga,0,Folga,,0,0,0,0,0,0,0,0,0,São Paulo,SP,0,0,0,35,3550308,2025,2,Fevereiro
Segunda,10/02/2025,vôo ida GRU-BSB-BVB as 07:05,PCM,Trabalhado,,1,0,70,3393,0,0,0,0,1,Boa Vista,RR,0,0,0,14,1400100,2025,2,Fevereiro
Terça,11/02/2025,prev rod Boa vista 100100TI P6431,PCM,Trabalhado,CX100100TI,0,1,22,0,1,0,0,0,1,Boa Vista,RR,0,0,0,14,1400100,2025,2,Fevereiro
Quarta,12/02/2025,vôo volta BVB-BSB-CGH as 00:35,PCM,Trabalhado,,1,0,70,3393,0,0,0,0,1,Boa Vista,RR,0,0,0,14,1400100,2025,2,Fevereiro
Quinta,13/02/2025,,0,Sem Atividade,,0,0,0,0,0,0,0,0,0,São Paulo,SP,0,0,0,35,3550308,2025,2,Fevereiro
Sexta,14/02/2025,alinhamento férias,Mariana,Trabalhado,,1,0,0,0,0,0,0,0,0,São Paulo,SP,0,0,0,35,3550308,2025,2,Fevereiro
sábado,15/02/2025,Folga,0,Folga,,0,0,0,0,0,0,0,0,0,São Paulo,SP,0,0,0,35,3550308,2025,2,Fevereiro
Domingo,16/02/2025,Folga,0,Folga,,0,0,0,0,0,0,0,0,0,São Paulo,SP,0,0,0,35,3550308,2025,2,Fevereiro
Segunda,17/02/2025,"Corr porto São Sebastião 100100TI (entrada não autorizada, sem defeito) + papelada",Paulinele,Trabalhado,,2,0,428,0,0,0,0,0,0,São Sebastião,SP,0,0,0,35,3550704,2025,2,Fevereiro
Terça,18/02/2025,curso CCR Curitiba,PCM,Trabalhado,,1,0,0,0,0,0,0,0,0,São Paulo,SP,0,0,0,35,3550308,2025,2,Fevereiro
Quarta,19/02/2025,,0,Sem Atividade,,0,0,0,0,0,0,0,0,0,São Paulo,SP,0,0,0,35,3550308,2025,2,Fevereiro
Quinta,20/02/2025,levar ferramentas e tubo GRU - Fábrica,Mariana,Trabalhado,,1,0,311,0,0,0,0,0,0,Indaiatuba,SP,0,0,0,35,3520509,2025,2,Fevereiro
Sexta,21/02/2025,Folga Plantão + papelada,0,Folga Plantão,,1,0,0,0,0,0,0,0,0,São Paulo,SP,0,0,0,35,3550308,2025,2,Fevereiro
sábado,22/02/2025,Plantão,Plantão,Trabalhado,,1,0,0,0,0,0,0,0,0,São Paulo,SP,0,0,1,35,3550308,2025,2,Fevereiro
Domingo,23/02/2025,Plantão,Plantão,Trabalhado,,1,0,0,0,0,0,0,0,0,São Paulo,SP,0,0,1,35,3550308,2025,2,Fevereiro
Segunda,24/02/2025,reunião online DGPP,Mariana,Trabalhado,,1,0,0,0,0,0,0,0,0,São Paulo,SP,0,0,0,35,3550308,2025,2,Fevereiro
Terça,25/02/2025,vôo ida GRU - GYN as 09:10 + Corr aerop Goiânia 6040 weknow C5169,Mariana,Trabalhado,CX6040D,1,1,100,806,0,1,0,0,1,Goiânia,GO,0,0,0,52,5208707,2025,2,Fevereiro
Quarta,26/02/2025,Corr aerop Goiânia (trein walteneur),Mariana,Trabalhado,CX6040D,1,0,34,0,0,0,0,1,1,Goiânia,GO,0,0,0,52,5208707,2025,2,Fevereiro
Quinta,27/02/2025,Corr aerop Goiânia C5170/C5171/C5172/C5187 03 100100D e TR2000DC + vôo retorno GYN - GRU as 20:10,Mariana,Trabalhado,TR2000DC,1,4,76,806,0,4,0,0,1,Goiânia,GO,0,0,0,52,5208707,2025,2,Fevereiro
Sexta,28/02/2025,Carnaval + Papelada + rem casa Osasco 2 HT2000 R1013,Bruno,Trabalhado,HT2000GA,1,0,0,0,0,1,0,0,0,São Paulo,SP,0,0,0,35,3550308,2025,2,Fevereiro
sábado,01/03/2025,Plantão + Carnaval,Plantão,Trabalhado,,1,0,0,0,0,0,0,0,0,São Paulo,SP,0,0,1,35,3550308,2025,3,Março
Domingo,02/03/2025,Plantão + Carnaval,Plantão,Trabalhado,,1,0,0,0,0,0,0,0,0,São Paulo,SP,0,0,1,35,3550308,2025,3,Março
Segunda,03/03/2025,Folga Plantão,0,Folga Plantão,,0,0,0,0,0,0,0,0,0,São Paulo,SP,0,0,0,35,3550308,2025,3,Março
Terça,04/03/2025,Carnaval,0,Feriado,,0,0,0,0,0,0,0,0,0,São Paulo,SP,0,0,0,35,3550308,2025,3,Março
Quarta,05/03/2025,Carnaval + vôo ida GRU - GYN 08:50 + inst Pontalina/GO Yingli MA HT2000 I1216,Mariana,Trabalhado,HT2000GA,1,1,185,806,0,0,1,0,1,Pontalina,GO,0,0,0,52,5217708,2025,3,Março
Quinta,06/03/2025,inst HT2000GA Pontalina/GO + Corr aerop Goiânia 6040 C5213,Mariana,Trabalhado,CX6040D,1,1,264,0,0,1,1,0,1,Pontalina,GO,0,0,0,52,5217708,2025,3,Março
Sexta,07/03/2025,trei HT2000GA Pontalina/GO + voo volta GYN - GRU as 19:35,Mariana,Trabalhado,HT2000GA,2,0,191,806,0,0,0,1,1,Pontalina,GO,0,0,0,52,5217708,2025,3,Março
sábado,08/03/2025,Folga,0,Folga,,0,0,0,0,0,0,0,0,0,São Paulo,SP,0,0,0,35,3550308,2025,3,Março
Domingo,09/03/2025,Folga + vôo ida GRU - CWB as 22:05,Mariana,Trabalhado,,1,0,70,359,0,0,0,0,1,Curitiba,PR,1,0,0,41,4106902,2025,3,Março
Segunda,10/03/2025,assistida aerop Curitiba C5286/C5287/C5288/C5289/C5290/C5291 + Corr aerop Curitiba 100100D C5238,Mariana,Trabalhado,CX100100D,0,7,31,0,0,7,0,1,1,Curitiba,PR,0,0,0,41,4106902,2025,3,Março
Terça,11/03/2025,assistida aerop Curitiba,Mariana,Trabalhado,CX100100D,1,0,33,0,0,0,0,1,1,Curitiba,PR,0,0,0,41,4106902,2025,3,Março
Quarta,12/03/2025,assistida aerop Curitiba + papelada,Mariana,Trabalhado,CX100100D,2,0,28,0,0,0,0,1,1,Curitiba,PR,0,0,0,41,4106902,2025,3,Março
Quinta,13/03/2025,assistida aerop Curitiba,Mariana,Trabalhado,CX100100D,1,0,24,0,0,0,0,1,1,Curitiba,PR,0,0,0,41,4106902,2025,3,Março
Sexta,14/03/2025,assistida aerop Curitiba + vôo volta CWB - GRU as 19:30,Mariana,Trabalhado,CX100100D,2,0,78,359,0,0,0,1,1,Curitiba,PR,0,0,0,41,4106902,2025,3,Março
sábado,15/03/2025,Folga,0,Folga,,0,0,0,0,0,0,0,0,0,São Paulo,SP,0,0,0,35,3550308,2025,3,Março
Domingo,16/03/2025,Folga + vôo ida GRU - CWB as 22:05,Mariana,Trabalhado,,1,0,61,359,0,0,0,0,1,Curitiba,PR,1,0,0,41,4106902,2025,3,Março
Segunda,17/03/2025,assistida aerop Curitiba + vistoria cabo 10 mts 100100D + Corr aerop Curitiba 100100D C5283,Mariana,Trabalhado,CX100100D,2,1,32,0,0,1,0,1,1,Curitiba,PR,0,0,0,41,4106902,2025,3,Março
Terça,18/03/2025,assistida aerop Curitiba,Mariana,Trabalhado,CX100100D,1,0,29,0,0,0,0,1,1,Curitiba,PR,0,0,0,41,4106902,2025,3,Março
Quarta,19/03/2025,assistida aerop Curitiba,Mariana,Trabalhado,CX100100D,1,0,31,0,0,0,0,1,1,Curitiba,PR,0,0,0,41,4106902,2025,3,Março
Quinta,20/03/2025,assistida aerop Curitiba,Mariana,Trabalhado,CX100100D,1,0,29,0,0,0,0,1,1,Curitiba,PR,0,0,0,41,4106902,2025,3,Março
Sexta,21/03/2025,assistida aerop Curitiba + rem aerop Joinville R1027 + Corr aerop Curitiba 100100D C5324 + vôo volta CWB - GRU as 19:30,Mariana,Trabalhado,CX100100D,2,2,93,359,0,2,0,1,1,Curitiba,PR,0,0,0,41,4106902,2025,3,Março
sábado,22/03/2025,Folga,0,Folga,,0,0,0,0,0,0,0,0,0,São Paulo,SP,0,0,0,35,3550308,2025,3,Março
Domingo,23/03/2025,Folga,0,Folga,,0,0,0,0,0,0,0,0,0,São Paulo,SP,0,0,0,35,3550308,2025,3,Março
Segunda,24/03/2025,Férias + papelada,0,Férias,,1,0,0,0,0,0,0,0,0,São Paulo,SP,0,0,0,35,3550308,2025,3,Março
Terça,25/03/2025,Férias,0,Férias,,0,0,0,0,0,0,0,0,0,São Paulo,SP,0,0,0,35,3550308,2025,3,Março
Quarta,26/03/2025,Férias,0,Férias,,0,0,0,0,0,0,0,0,0,São Paulo,SP,0,0,0,35,3550308,2025,3,Março
Quinta,27/03/2025,Férias,0,Férias,,0,0,0,0,0,0,0,0,0,São Paulo,SP,0,0,0,35,3550308,2025,3,Março
Sexta,28/03/2025,Férias,0,Férias,,0,0,0,0,0,0,0,0,0,São Paulo,SP,0,0,0,35,3550308,2025,3,Março
sábado,29/03/2025,Férias,0,Férias,,0,0,0,0,0,0,0,0,0,São Paulo,SP,0,0,0,35,3550308,2025,3,Março
Domingo,30/03/2025,Férias,0,Férias,,0,0,0,0,0,0,0,0,0,São Paulo,SP,0,0,0,35,3550308,2025,3,Março
Segunda,31/03/2025,Férias,0,Férias,,0,0,0,0,0,0,0,0,0,São Paulo,SP,0,0,0,35,3550308,2025,3,Março
Terça,01/04/2025,Férias,0,Férias,,0,0,0,0,0,0,0,0,0,São Paulo,SP,0,0,0,35,3550308,2025,4,Abril
Quarta,02/04/2025,Férias,0,Férias,,0,0,0,0,0,0,0,0,0,São Paulo,SP,0,0,0,35,3550308,2025,4,Abril
Quinta,03/04/2025,Férias,0,Férias,,0,0,0,0,0,0,0,0,0,São Paulo,SP,0,0,0,35,3550308,2025,4,Abril
Sexta,04/04/2025,Férias,0,Férias,,0,0,0,0,0,0,0,0,0,São Paulo,SP,0,0,0,35,3550308,2025,4,Abril
sábado,05/04/2025,Férias,0,Férias,,0,0,0,0,0,0,0,0,0,São Paulo,SP,0,0,0,35,3550308,2025,4,Abril
Domingo,06/04/2025,Férias,0,Férias,,0,0,0,0,0,0,0,0,0,São Paulo,SP,0,0,0,35,3550308,2025,4,Abril
Segunda,07/04/2025,Férias,0,Férias,,0,0,0,0,0,0,0,0,0,São Paulo,SP,0,0,0,35,3550308,2025,4,Abril
Terça,08/04/2025,pesquisa O.S. aerop Curitiba e aerop Goiânia,Mariana,Trabalhado,,2,0,0,0,0,0,0,0,0,São Paulo,SP,0,0,0,35,3550308,2025,4,Abril
Quarta,09/04/2025,,0,Sem Atividade,,0,0,0,0,0,0,0,0,0,São Paulo,SP,0,0,0,35,3550308,2025,4,Abril
Quinta,10/04/2025,docs PCM,PCM,Trabalhado,,1,0,0,0,0,0,0,0,0,São Paulo,SP,0,0,0,35,3550308,2025,4,Abril
Sexta,11/04/2025,rem aerovip GRU cx100100TI R1048,PCM,Trabalhado,CX100100TI,0,1,0,0,0,1,0,0,0,São Paulo,SP,0,0,0,35,3550308,2025,4,Abril
sábado,12/04/2025,Plantão,Plantão,Trabalhado,,1,0,0,0,0,0,0,0,0,São Paulo,SP,0,0,1,35,3550308,2025,4,Abril
Domingo,13/04/2025,Plantão,Plantão,Trabalhado,,1,0,0,0,0,0,0,0,0,São Paulo,SP,0,0,1,35,3550308,2025,4,Abril
Segunda,14/04/2025,Folga Plantão,0,Folga Plantão,,0,0,0,0,0,0,0,0,0,São Paulo,SP,0,0,0,35,3550308,2025,4,Abril
Terça,15/04/2025,ida carro São Sebastião + troca peças porto São Sebastião FS6000 OS-C-FSMT515,Mariana,Trabalhado,FS6000,1,1,202,0,0,1,0,0,1,São Sebastião,SP,0,0,0,35,3550704,2025,4,Abril
Quarta,16/04/2025,troca peças porto São Sebastião FS6000 + tec novo Jhonatan,Mariana,Trabalhado,FS6000,2,0,5,0,0,0,0,0,1,São Sebastião,SP,0,0,0,35,3550704,2025,4,Abril
Quinta,17/04/2025,troca peças porto São Sebastião FS6000 + tec novo Jhonatan + corr 100100D C5493 + volta carro casa,Mariana,Trabalhado,FS6000,3,1,210,0,0,1,0,0,1,São Sebastião,SP,0,0,0,35,3550704,2025,4,Abril
Sexta,18/04/2025,Paixão de Cristo,0,Feriado,,0,0,0,0,0,0,0,0,0,São Paulo,SP,0,0,0,35,3550308,2025,4,Abril
sábado,19/04/2025,Folga,0,Folga,,0,0,0,0,0,0,0,0,0,São Paulo,SP,0,0,0,35,3550308,2025,4,Abril
Domingo,20/04/2025,Folga,0,Folga,,0,0,0,0,0,0,0,0,0,São Paulo,SP,0,0,0,35,3550308,2025,4,Abril
Segunda,21/04/2025,Tiradentes,0,Feriado,,0,0,0,0,0,0,0,0,0,São Paulo,SP,0,0,0,35,3550308,2025,4,Abril
Terça,22/04/2025,papelada + vôo ida GRU - BSB as 14:15 (voo Brasilia para encontrar Tec Hugo),Mariana,Trabalhado,,2,0,50,861,0,0,0,0,1,Goiânia,GO,0,0,0,52,5208707,2025,4,Abril
Quarta,23/04/2025,ida Brasília - Niquelândia/GO carro tec Hugo + inst pres Niquelândia HT2000GA com Hugo I1264 (hugo),Mariana,Trabalhado,HT2000GA,2,0,270,0,0,0,1,0,1,Niquelandia,GO,0,0,0,52,5214606,2025,4,Abril
Quinta,24/04/2025,inst pres Niquelândia HT2000GA com Hugo,Mariana,Trabalhado,HT2000GA,1,0,10,0,0,0,1,0,1,Niquelandia,GO,0,0,0,52,5214606,2025,4,Abril
Sexta,25/04/2025,trein pres Niquelândia HT2000GA com Hugo + retorno carro tec Hugo + voo volta BSB - GRU as 18:50 (adiantei),Mariana,Trabalhado,HT2000GA,3,0,270,861,0,0,0,1,1,Niquelandia,GO,0,0,0,52,5214606,2025,4,Abril
sábado,26/04/2025,Folga,0,Folga,,0,0,0,0,0,0,0,0,0,São Paulo,SP,0,0,0,35,3550308,2025,4,Abril
Domingo,27/04/2025,Folga,0,Folga,,0,0,0,0,0,0,0,0,0,São Paulo,SP,0,0,0,35,3550308,2025,4,Abril
Segunda,28/04/2025,voo ida GRU - GYN as 09:05 + inst Inhumas / GO com técnico Gilson I1269,Mariana,Trabalhado,HT2000GA,1,1,100,806,0,0,1,0,1,Inhumas,GO,0,0,0,52,5210000,2025,4,Abril
Terça,29/04/2025,inst Inhumas / GO com técnico Gilson,Mariana,Trabalhado,HT2000GA,1,0,50,0,0,0,1,0,1,Inhumas,GO,0,0,0,52,5210000,2025,4,Abril
Quarta,30/04/2025,trein Inhumas / GO com técnico Gilson + voo volta GYN - GRU as 20:20,Mariana,Trabalhado,HT2000GA,2,0,100,806,0,0,0,1,1,Inhumas,GO,0,0,0,52,5210000,2025,4,Abril
Quinta,01/05/2025,Dia do trabalho,0,Feriado,,0,0,0,0,0,0,0,0,0,São Paulo,SP,0,0,0,35,3550308,2025,5,Maio
Sexta,02/05/2025,Fábrica emendou,0,Folga,,0,0,0,0,0,0,0,0,0,São Paulo,SP,0,0,0,35,3550308,2025,5,Maio
sábado,03/05/2025,Plantão,Plantão,Trabalhado,,1,0,0,0,0,0,0,0,0,São Paulo,SP,0,0,1,35,3550308,2025,5,Maio
Domingo,04/05/2025,Plantão,Plantão,Trabalhado,,1,0,0,0,0,0,0,0,0,São Paulo,SP,0,0,1,35,3550308,2025,5,Maio
Segunda,05/05/2025,Folga Plantão,0,Folga Plantão,,0,0,0,0,0,0,0,0,0,São Paulo,SP,0,0,0,35,3550308,2025,5,Maio
Terça,06/05/2025,Papelada,Bruno,Trabalhado,,1,0,0,0,0,0,0,0,0,São Paulo,SP,0,0,0,35,3550308,2025,5,Maio
Quarta,07/05/2025,teste MW1000 Unicamp as 08:00 C5612,PCM,Trabalhado,MW1000,0,1,167,0,0,0,1,0,1,Campinas,SP,0,0,0,35,3509502,2025,5,Maio
Quinta,08/05/2025,Corr Porto São Sebastião com chineses OS-C-FSMT523,Ranan,Trabalhado,FS6000,0,1,361,0,0,1,0,0,1,São Sebastião,SP,0,0,0,35,3550704,2025,5,Maio
Sexta,09/05/2025,Corr Porto São Sebastião com chineses,Ranan,Trabalhado,FS6000,1,0,214,0,0,0,0,0,0,São Sebastião,SP,0,0,0,35,3550704,2025,5,Maio
sábado,10/05/2025,Folga,0,Folga,,0,0,0,0,0,0,0,0,0,São Paulo,SP,0,0,0,35,3550308,2025,5,Maio
Domingo,11/05/2025,Folga + vôo ida GRU - CAC as 17:25,PCM,Trabalhado,,1,0,70,735,0,0,0,0,1,Cascavel,PR,1,0,0,41,4104808,2025,5,Maio
Segunda,12/05/2025,papelada + ida carro Cascavel - Foz + assistida aerop Foz do Iguaçu/PR C5679/5680/5681,PCM,Trabalhado,CX100100D,2,3,150,0,0,3,0,1,1,Foz do Iguaçu,PR,0,0,0,41,4108304,2025,5,Maio
Terça,13/05/2025,assistida aerop Foz do Iguaçu,PCM,Trabalhado,CX100100D,1,0,55,0,0,0,0,1,1,Foz do Iguaçu,PR,0,0,0,41,4108304,2025,5,Maio
Quarta,14/05/2025,assistida aerop Foz do Iguaçu,PCM,Trabalhado,CX100100D,1,0,55,0,0,0,0,1,1,Foz do Iguaçu,PR,0,0,0,41,4108304,2025,5,Maio
Quinta,15/05/2025,assistida aerop Foz do Iguaçu,PCM,Trabalhado,CX100100D,1,0,52,0,0,0,0,1,1,Foz do Iguaçu,PR,0,0,0,41,4108304,2025,5,Maio
Sexta,16/05/2025,assistida aerop Foz do Iguaçu + ida carro Cascavel/PR + vôo retorno CAC - GRU as 19:45,PCM,Trabalhado,CX100100D,3,0,151,735,0,0,0,1,1,Cascavel,PR,0,0,0,41,4104808,2025,5,Maio
sábado,17/05/2025,Folga,0,Folga,,0,0,0,0,0,0,0,0,0,São Paulo,SP,0,0,0,35,3550308,2025,5,Maio
Domingo,18/05/2025,Folga,0,Folga,,0,0,0,0,0,0,0,0,0,São Paulo,SP,0,0,0,35,3550308,2025,5,Maio
Segunda,19/05/2025,retirar peça fábrica,PCM,Trabalhado,,1,0,315,0,0,0,0,0,0,Indaiatuba,SP,0,0,0,35,3520509,2025,5,Maio
Terça,20/05/2025,inst e trein Braspress GRU 100100D I1277,PCM,Trabalhado,CX100100D,1,1,58,0,0,0,1,1,0,Guarulhos,SP,0,0,0,35,3518800,2025,5,Maio
Quarta,21/05/2025,vôo ida GRU - BEL as 07:55 + Corr aerop Belém (Pc) C5745,PCM,Trabalhado,CX6040BI,1,1,60,2475,0,1,0,0,1,Belém,PA,0,0,0,15,1501402,2025,5,Maio
Quinta,22/05/2025,Corr aerop Belém (Pc),PCM,Trabalhado,CX6040BI,0,1,22,0,0,0,0,0,1,Belém,PA,0,0,0,15,1501402,2025,5,Maio
Sexta,23/05/2025,Corr aerop Belém (Pc) + vôo retorno BEL - GRU as 17:25,PCM,Trabalhado,CX6040BI,0,2,62,2475,0,0,0,0,1,Belém,PA,0,0,0,15,1501402,2025,5,Maio
sábado,24/05/2025,Folga,0,Folga,,0,0,0,0,0,0,0,0,0,São Paulo,SP,0,0,0,35,3550308,2025,5,Maio
Domingo,25/05/2025,Folga,0,Folga,,0,0,0,0,0,0,0,0,0,São Paulo,SP,0,0,0,35,3550308,2025,5,Maio
Segunda,26/05/2025,Pc fábrica + papelada + cursos aena + Corr azul cargo Viracopos C5762,Barbosa,Trabalhado,CX6040D,3,1,297,0,0,1,0,0,0,Indaiatuba,SP,0,0,0,35,3520509,2025,5,Maio
Terça,27/05/2025,,0,Sem Atividade,,0,0,0,0,0,0,0,0,0,São Paulo,SP,0,0,0,35,3550308,2025,5,Maio
Quarta,28/05/2025,Vôo ida BEL - GRU AS 07:55 + Corr aerop Belém (Pc) C5745 continuação,Barbosa,Trabalhado,CX6040BI,2,0,74,2475,0,0,0,0,1,Belém,PA,0,0,0,15,1501402,2025,5,Maio
Quinta,29/05/2025,Corr aerop Belém (PC),Barbosa,Trabalhado,CX6040BI,1,0,30,0,0,0,0,0,1,Belém,PA,0,0,0,15,1501402,2025,5,Maio
Sexta,30/05/2025,vôo volta BEL - GRU as 05:10,Barbosa,Trabalhado,CX6040BI,1,0,96,2475,0,0,0,0,1,Belém,PA,0,0,0,15,1501402,2025,5,Maio
sábado,31/05/2025,Plantão,Plantão,Trabalhado,,1,0,0,0,0,0,0,0,0,São Paulo,SP,0,0,1,35,3550308,2025,5,Maio
Domingo,01/06/2025,Plantão,Plantão,Trabalhado,,1,0,0,0,0,0,0,0,0,São Paulo,SP,0,0,1,35,3550308,2025,6,Junho
Segunda,02/06/2025,Folga Plantão,0,Folga Plantão,,0,0,0,0,0,0,0,0,0,São Paulo,SP,0,0,0,35,3550308,2025,6,Junho
Terça,03/06/2025,treinamento Nuctech + papelada,Barbosa,Trabalhado,,2,0,178,0,0,0,0,0,1,Indaiatuba,SP,0,0,0,35,3520509,2025,6,Junho
Quarta,04/06/2025,treinamento Nuctech,Barbosa,Trabalhado,,1,0,12,0,0,0,0,0,1,Indaiatuba,SP,0,0,0,35,3520509,2025,6,Junho
Quinta,05/06/2025,treinamento Nuctech,Barbosa,Trabalhado,,1,0,12,0,0,0,0,0,1,Indaiatuba,SP,0,0,0,35,3520509,2025,6,Junho
Sexta,06/06/2025,treinamento Nuctech,Barbosa,Trabalhado,,1,0,192,0,0,0,0,0,1,Indaiatuba,SP,0,0,0,35,3520509,2025,6,Junho
sábado,07/06/2025,Folga,0,Folga,,0,0,0,0,0,0,0,0,0,São Paulo,SP,0,0,0,35,3550308,2025,6,Junho
Domingo,08/06/2025,Folga,0,Folga,,0,0,0,0,0,0,0,0,0,São Paulo,SP,0,0,0,35,3550308,2025,6,Junho
Segunda,09/06/2025,vôo ida GRU-MCP as 10:40,Walter,Trabalhado,,1,0,70,2680,0,0,0,0,1,Macapá,AP,0,0,0,16,1600303,2025,6,Junho
Terça,10/06/2025,Corr Macapá C5845,Walter,Trabalhado,CX100100TI,0,1,51,0,0,1,0,0,1,Macapá,AP,0,0,0,16,1600303,2025,6,Junho
Quarta,11/06/2025,vôo retorno MCP-GRU as 15:25,Walter,Trabalhado,,1,0,84,2680,0,0,0,0,1,Macapá,AP,0,0,0,16,1600303,2025,6,Junho
Quinta,12/06/2025,Papelada,Bruno,Trabalhado,,1,0,0,0,0,0,0,0,0,São Paulo,SP,0,0,0,35,3550308,2025,6,Junho
Sexta,13/06/2025,alinhamento inst VCP,Barbosa,Trabalhado,,1,0,0,0,0,0,0,0,0,São Paulo,SP,0,0,0,35,3550308,2025,6,Junho
sábado,14/06/2025,Folga,0,Folga,,0,0,0,0,0,0,0,0,0,São Paulo,SP,0,0,0,35,3550308,2025,6,Junho
Domingo,15/06/2025,Folga,0,Folga,,0,0,0,0,0,0,0,0,0,São Paulo,SP,0,0,0,35,3550308,2025,6,Junho
Segunda,16/06/2025,inst VCP 100100D I1292 + Corr VCP 100100D C5880,Barbosa,Trabalhado,CX100100D,0,2,273,0,0,1,1,1,0,Campinas,SP,0,0,0,35,3509502,2025,6,Junho
Terça,17/06/2025,reunião GRU Barbosa,Barbosa,Trabalhado,,1,0,0,0,0,0,0,0,0,São Paulo,SP,0,0,0,35,3550308,2025,6,Junho
Quarta,18/06/2025,trein aena congonhas as 08:30,PCM,Trabalhado,,1,0,177,0,0,0,0,0,0,São Paulo,SP,0,0,0,35,3550308,2025,6,Junho
Quinta,19/06/2025,Corpus Christi,0,Feriado,,0,0,0,0,0,0,0,0,0,São Paulo,SP,0,0,0,35,3550308,2025,6,Junho
Sexta,20/06/2025,Fabrica Emendou,0,Folga,,0,0,0,0,0,0,0,0,0,São Paulo,SP,0,0,0,35,3550308,2025,6,Junho
sábado,21/06/2025,Folga,0,Folga,,0,0,0,0,0,0,0,0,0,São Paulo,SP,0,0,0,35,3550308,2025,6,Junho
Domingo,22/06/2025,Folga,0,Folga,,0,0,0,0,0,0,0,0,0,São Paulo,SP,0,0,0,35,3550308,2025,6,Junho
Segunda,23/06/2025,Assistida GRU + levar Dalin renovar CNH,Barbosa,Trabalhado,XT2100HS,2,0,154,0,0,0,0,0,0,Guarulhos,SP,0,0,0,35,3518800,2025,6,Junho
Terça,24/06/2025,Assistida GRU + compra material,Barbosa,Trabalhado,XT2100HS,2,0,132,0,0,0,0,0,0,Guarulhos,SP,0,0,0,35,3518800,2025,6,Junho
Quarta,25/06/2025,Assistida GRU,Barbosa,Trabalhado,XT2100HS,1,0,99,0,0,0,0,0,0,Guarulhos,SP,0,0,0,35,3518800,2025,6,Junho
Quinta,26/06/2025,Treinamento Fábrica Solução Móvel + papelada,Barbosa,Trabalhado,,2,0,301,0,0,0,0,0,0,Indaiatuba,SP,0,0,0,35,3520509,2025,6,Junho
Sexta,27/06/2025,Assistida GRU,Barbosa,Trabalhado,XT2100HS,1,1,98,0,0,0,0,0,0,São Paulo,SP,0,0,0,35,3550308,2025,6,Junho
sábado,28/06/2025,Folga,0,Folga,,0,0,0,0,0,0,0,0,0,São Paulo,SP,0,0,0,35,3550308,2025,6,Junho
Domingo,29/06/2025,Folga,0,Folga,,0,0,0,0,0,0,0,0,0,São Paulo,SP,0,0,0,35,3550308,2025,6,Junho
Segunda,30/06/2025,credencial CGH + Assistida GRU,Barbosa,Trabalhado,XT2100HS,2,0,120,0,0,0,0,0,0,São Paulo,SP,0,0,0,35,3550308,2025,6,Junho
Terça,01/07/2025,inst e trei CGH solução movel I1308 + Assistida GRU,Barbosa,Trabalhado,XT2100HS,1,1,173,0,0,0,1,1,0,São Paulo,SP,0,0,0,35,3550308,2025,7,Julho
Quarta,02/07/2025,Fabrica + papelada + troca peças CGH solução movel + Assistida GRU,Barbosa,Trabalhado,XT2100HS,3,1,392,0,0,0,0,0,0,Indaiatuba,SP,0,0,0,35,3520509,2025,7,Julho
Quinta,03/07/2025,,0,Sem Atividade,,0,0,0,0,0,0,0,0,0,São Paulo,SP,0,0,0,35,3550308,2025,7,Julho
Sexta,04/07/2025,,0,Sem Atividade,,0,0,0,0,0,0,0,0,0,São Paulo,SP,0,0,0,35,3550308,2025,7,Julho
sábado,05/07/2025,Folga,0,Folga,,0,0,0,0,0,0,0,0,0,São Paulo,SP,0,0,0,35,3550308,2025,7,Julho
Domingo,06/07/2025,Folga,0,Folga,,0,0,0,0,0,0,0,0,0,São Paulo,SP,0,0,0,35,3550308,2025,7,Julho
Segunda,07/07/2025,GRU,Barbosa,Trabalhado,XT2100HS,1,0,99,0,0,0,0,0,0,Guarulhos,SP,0,0,0,35,3518800,2025,7,Julho
Terça,08/07/2025,GRU + Papelada,Barbosa,Trabalhado,XT2100HS,2,0,98,0,0,0,0,0,0,Guarulhos,SP,0,0,0,35,3518800,2025,7,Julho
Quarta,09/07/2025,GRU assistida + feriado SP Revolução constitucionalista,Barbosa,Trabalhado,XT2100HS,1,0,100,0,0,0,0,0,0,Guarulhos,SP,1,0,0,35,3518800,2025,7,Julho
Quinta,10/07/2025,,0,Sem Atividade,,0,0,0,0,0,0,0,0,0,São Paulo,SP,0,0,0,35,3550308,2025,7,Julho
Sexta,11/07/2025,,0,Sem Atividade,,0,0,0,0,0,0,0,0,0,São Paulo,SP,0,0,0,35,3550308,2025,7,Julho
sábado,12/07/2025,Folga,0,Folga,,0,0,0,0,0,0,0,0,0,São Paulo,SP,0,0,0,35,3550308,2025,7,Julho
Domingo,13/07/2025,Folga,0,Folga,,0,0,0,0,0,0,0,0,0,São Paulo,SP,0,0,0,35,3550308,2025,7,Julho
Segunda,14/07/2025,,0,Sem Atividade,,0,0,0,0,0,0,0,0,0,São Paulo,SP,0,0,0,35,3550308,2025,7,Julho
Terça,15/07/2025,GRU,Barbosa,Trabalhado,XT2100HS,1,0,98,0,0,0,0,0,0,Guarulhos,SP,0,0,0,35,3518800,2025,7,Julho
Quarta,16/07/2025,Corr TRT Campinas C6077,PCM,Trabalhado,CX6040BI,0,1,310,0,0,1,0,0,0,Campinas,SP,0,0,0,35,3509502,2025,7,Julho
Quinta,17/07/2025,Papelada,Bruno,Trabalhado,,1,0,0,0,0,0,0,0,0,São Paulo,SP,0,0,0,35,3550308,2025,7,Julho
Sexta,18/07/2025,,0,Sem Atividade,,0,0,0,0,0,0,0,0,0,São Paulo,SP,0,0,0,35,3550308,2025,7,Julho
sábado,19/07/2025,Plantão,Plantão,Trabalhado,,1,0,0,0,0,0,0,0,0,São Paulo,SP,0,0,1,35,3550308,2025,7,Julho
Domingo,20/07/2025,Plantão,Plantão,Trabalhado,,1,0,0,0,0,0,0,0,0,São Paulo,SP,0,0,1,35,3550308,2025,7,Julho
Segunda,21/07/2025,Folga Plantão,0,Folga Plantão,,0,0,0,0,0,0,0,0,0,São Paulo,SP,0,0,0,35,3550308,2025,7,Julho
Terça,22/07/2025,Celular GRU as 09:30 + plantão GRU noite,Alex,Trabalhado,XT2100HS,1,0,150,0,0,0,0,0,0,Guarulhos,SP,0,0,1,35,3518800,2025,7,Julho
Quarta,23/07/2025,Folga Plantão,0,Folga Plantão,,0,0,0,0,0,0,0,0,0,São Paulo,SP,0,0,0,35,3550308,2025,7,Julho
Quinta,24/07/2025,plantão GRU noite,Alex,Trabalhado,XT2100HS,1,0,100,0,0,0,0,0,0,Guarulhos,SP,0,0,1,35,3518800,2025,7,Julho
Sexta,25/07/2025,Folga Plantão,0,Folga Plantão,,0,0,0,0,0,0,0,0,0,São Paulo,SP,0,0,0,35,3550308,2025,7,Julho
sábado,26/07/2025,plantão GRU noite,Alex,Trabalhado,XT2100HS,1,0,98,0,0,0,0,0,0,Guarulhos,SP,0,0,1,35,3518800,2025,7,Julho
Domingo,27/07/2025,Folga Plantão,0,Folga Plantão,,0,0,0,0,0,0,0,0,0,São Paulo,SP,0,0,0,35,3550308,2025,7,Julho
Segunda,28/07/2025,plantão GRU noite,Alex,Trabalhado,XT2100HS,0,1,100,0,0,0,0,0,0,Guarulhos,SP,0,0,1,35,3518800,2025,7,Julho
Terça,29/07/2025,Folga Plantão,0,Folga Plantão,,0,0,0,0,0,0,0,0,0,São Paulo,SP,0,0,0,35,3550308,2025,7,Julho
Quarta,30/07/2025,plantão GRU noite,Alex,Trabalhado,XT2100HS,1,0,102,0,0,0,0,0,0,Guarulhos,SP,0,0,1,35,3518800,2025,7,Julho
Quinta,31/07/2025,Folga Plantão,0,Folga Plantão,,0,0,0,0,0,0,0,0,0,São Paulo,SP,0,0,0,35,3550308,2025,7,Julho
Sexta,01/08/2025,plantão GRU noite,Alex,Trabalhado,XT2100HS,1,0,99,0,0,0,0,0,0,Guarulhos,SP,0,0,1,35,3518800,2025,8,Agosto
sábado,02/08/2025,Folga Plantão,0,Folga Plantão,,0,0,0,0,0,0,0,0,0,São Paulo,SP,0,0,0,35,3550308,2025,8,Agosto
Domingo,03/08/2025,plantão GRU noite,Alex,Trabalhado,XT2100HS,1,0,100,0,0,0,0,0,0,Guarulhos,SP,0,0,1,35,3518800,2025,8,Agosto
Segunda,04/08/2025,Folga Plantão,0,Folga Plantão,,0,0,0,0,0,0,0,0,0,São Paulo,SP,0,0,0,35,3550308,2025,8,Agosto
Terça,05/08/2025,plantão GRU noite + papelada,Alex,Trabalhado,XT2100HS,2,0,101,0,0,0,0,0,0,Guarulhos,SP,0,0,1,35,3518800,2025,8,Agosto
Quarta,06/08/2025,Folga plantão + novo selo celular + compra material,Alex,Trabalhado,,2,0,50,0,0,0,0,0,0,São Paulo,SP,1,0,0,35,3550308,2025,8,Agosto
Quinta,07/08/2025,plantão GRU noite,Alex,Trabalhado,XT2100HS,1,0,99,0,0,0,0,0,0,Guarulhos,SP,0,0,1,35,3518800,2025,8,Agosto
Sexta,08/08/2025,,0,Sem Atividade,,0,0,0,0,0,0,0,0,0,São Paulo,SP,0,0,0,35,3550308,2025,8,Agosto
sábado,09/08/2025,plantão GRU noite,Alex,Trabalhado,XT2100HS,1,0,102,0,0,0,0,0,0,Guarulhos,SP,0,0,1,35,3518800,2025,8,Agosto
Domingo,10/08/2025,Folga Plantão,0,Folga Plantão,,0,0,0,0,0,0,0,0,0,São Paulo,SP,0,0,0,35,3550308,2025,8,Agosto
Segunda,11/08/2025,plantão GRU noite,Alex,Trabalhado,XT2100HS,1,0,102,0,0,0,0,0,0,Guarulhos,SP,0,0,1,35,3518800,2025,8,Agosto
Terça,12/08/2025,Folga Plantão,0,Folga Plantão,,0,0,0,0,0,0,0,0,0,São Paulo,SP,0,0,0,35,3550308,2025,8,Agosto
Quarta,13/08/2025,plantão GRU noite,Alex,Trabalhado,XT2100HS,1,0,99,0,0,0,0,0,0,Guarulhos,SP,0,0,1,35,3518800,2025,8,Agosto
Quinta,14/08/2025,Folga Plantão,0,Folga Plantão,,0,0,0,0,0,0,0,0,0,São Paulo,SP,0,0,0,35,3550308,2025,8,Agosto
Sexta,15/08/2025,plantão GRU noite,Alex,Trabalhado,XT2100HS,1,0,102,0,0,0,0,0,0,Guarulhos,SP,0,0,1,35,3518800,2025,8,Agosto
sábado,16/08/2025,Folga,0,Folga,,0,0,0,0,0,0,0,0,0,São Paulo,SP,0,0,0,35,3550308,2025,8,Agosto
Domingo,17/08/2025,Folga,0,Folga,,0,0,0,0,0,0,0,0,0,São Paulo,SP,0,0,0,35,3550308,2025,8,Agosto
Segunda,18/08/2025,Férias + papelada,0,Férias,,1,0,0,0,0,0,0,0,0,São Paulo,SP,0,0,0,35,3550308,2025,8,Agosto
Terça,19/08/2025,Férias,0,Férias,,0,0,0,0,0,0,0,0,0,São Paulo,SP,0,0,0,35,3550308,2025,8,Agosto
Quarta,20/08/2025,Férias,0,Férias,,0,0,0,0,0,0,0,0,0,São Paulo,SP,0,0,0,35,3550308,2025,8,Agosto
Quinta,21/08/2025,Férias,0,Férias,,0,0,0,0,0,0,0,0,0,São Paulo,SP,0,0,0,35,3550308,2025,8,Agosto
Sexta,22/08/2025,Férias,0,Férias,,0,0,0,0,0,0,0,0,0,São Paulo,SP,0,0,0,35,3550308,2025,8,Agosto
sábado,23/08/2025,Férias,0,Férias,,0,0,0,0,0,0,0,0,0,São Paulo,SP,0,0,0,35,3550308,2025,8,Agosto
Domingo,24/08/2025,Férias,0,Férias,,0,0,0,0,0,0,0,0,0,São Paulo,SP,0,0,0,35,3550308,2025,8,Agosto
Segunda,25/08/2025,Férias,0,Férias,,0,0,0,0,0,0,0,0,0,São Paulo,SP,0,0,0,35,3550308,2025,8,Agosto
Terça,26/08/2025,Férias,0,Férias,,0,0,0,0,0,0,0,0,0,São Paulo,SP,0,0,0,35,3550308,2025,8,Agosto
Quarta,27/08/2025,Férias,0,Férias,,0,0,0,0,0,0,0,0,0,São Paulo,SP,0,0,0,35,3550308,2025,8,Agosto
Quinta,28/08/2025,Férias,0,Férias,,0,0,0,0,0,0,0,0,0,São Paulo,SP,0,0,0,35,3550308,2025,8,Agosto
Sexta,29/08/2025,Férias,0,Férias,,0,0,0,0,0,0,0,0,0,São Paulo,SP,0,0,0,35,3550308,2025,8,Agosto
sábado,30/08/2025,Férias,0,Férias,,0,0,0,0,0,0,0,0,0,São Paulo,SP,0,0,0,35,3550308,2025,8,Agosto
Domingo,31/08/2025,Férias,0,Férias,,0,0,0,0,0,0,0,0,0,São Paulo,SP,0,0,0,35,3550308,2025,8,Agosto
Segunda,01/09/2025,Férias,0,Férias,,0,0,0,0,0,0,0,0,0,São Paulo,SP,0,0,0,35,3550308,2025,9,Setembro
Terça,02/09/2025,,0,Sem Atividade,,0,0,0,0,0,0,0,0,0,São Paulo,SP,0,0,0,35,3550308,2025,9,Setembro
Quarta,03/09/2025,Docs RH,RH,Trabalhado,,1,0,0,0,0,0,0,0,0,São Paulo,SP,0,0,0,35,3550308,2025,9,Setembro
Quinta,04/09/2025,,0,Sem Atividade,,0,0,0,0,0,0,0,0,0,São Paulo,SP,0,0,0,35,3550308,2025,9,Setembro
Sexta,05/09/2025,rem vilares metals R1131 + rem casa Piracicaba R1133,PCM,Trabalhado,CX6040BI,0,2,0,0,0,2,0,0,0,São Paulo,SP,0,0,0,35,3550308,2025,9,Setembro
sábado,06/09/2025,Folga,0,Folga,,0,0,0,0,0,0,0,0,0,São Paulo,SP,0,0,0,35,3550308,2025,9,Setembro
Domingo,07/09/2025,Feriado independência + ida fábrica com Rogério,PCM,Trabalhado,,1,0,182,0,0,0,0,0,1,Indaiatuba,SP,1,0,0,35,3520509,2025,9,Setembro
Segunda,08/09/2025,semana treinamento fábrica,PCM,Trabalhado,,1,0,15,0,0,0,0,0,1,Indaiatuba,SP,0,0,0,35,3520509,2025,9,Setembro
Terça,09/09/2025,semana treinamento fábrica,PCM,Trabalhado,,1,0,15,0,0,0,0,0,1,Indaiatuba,SP,0,0,0,35,3520509,2025,9,Setembro
Quarta,10/09/2025,semana treinamento fábrica,PCM,Trabalhado,,1,0,15,0,0,0,0,0,1,Indaiatuba,SP,0,0,0,35,3520509,2025,9,Setembro
Quinta,11/09/2025,semana treinamento fábrica + levar peças ML Sumaré,PCM,Trabalhado,,2,0,115,0,0,0,0,0,1,Indaiatuba,SP,0,0,0,35,3520509,2025,9,Setembro
Sexta,12/09/2025,semana treinamento fábrica + retorno mais cedo peças GRU,PCM,Trabalhado,,2,0,220,0,0,0,0,0,1,Indaiatuba,SP,0,0,0,35,3520509,2025,9,Setembro
sábado,13/09/2025,Folga,0,Folga,,0,0,0,0,0,0,0,0,0,São Paulo,SP,0,0,0,35,3550308,2025,9,Setembro
Domingo,14/09/2025,Folga,0,Folga,,0,0,0,0,0,0,0,0,0,São Paulo,SP,0,0,0,35,3550308,2025,9,Setembro
Segunda,15/09/2025,prev e desm casa Turiassú P9046/C6453,PCM,Trabalhado,HT2000GA,0,2,72,0,1,1,0,0,0,São Paulo,SP,0,0,0,35,3550308,2025,9,Setembro
Terça,16/09/2025,,0,Sem Atividade,,0,0,0,0,0,0,0,0,0,São Paulo,SP,0,0,0,35,3550308,2025,9,Setembro
Quarta,17/09/2025,,0,Sem Atividade,,0,0,0,0,0,0,0,0,0,São Paulo,SP,0,0,0,35,3550308,2025,9,Setembro
Quinta,18/09/2025,,0,Sem Atividade,,0,0,0,0,0,0,0,0,0,São Paulo,SP,0,0,0,35,3550308,2025,9,Setembro
Sexta,19/09/2025,Folga Plantão,0,Folga Plantão,,0,0,0,0,0,0,0,0,0,São Paulo,SP,0,0,0,35,3550308,2025,9,Setembro
sábado,20/09/2025,Plantão,Plantão,Trabalhado,,1,0,0,0,0,0,0,0,0,São Paulo,SP,0,0,1,35,3550308,2025,9,Setembro
Domingo,21/09/2025,Plantão + plantão noturno GRU 17:49 até  08:08,Plantão,Trabalhado,XT2100HS,2,0,102,0,0,0,0,0,0,Guarulhos,SP,0,0,1,35,3518800,2025,9,Setembro
Segunda,22/09/2025,plantão GRU noite,Alex,Trabalhado,XT2100HS,1,0,102,0,0,0,0,0,0,Guarulhos,SP,0,0,0,35,3518800,2025,9,Setembro
Terça,23/09/2025,tren online fundação casa as 08:00 + plantão noturno GRU,PCM,Trabalhado,XT2100HS,2,0,99,0,0,0,0,0,0,Guarulhos,SP,0,0,1,35,3518800,2025,9,Setembro
Quarta,24/09/2025,tren online fundação casa as 13:00 + plantão noturno GRU,PCM,Trabalhado,XT2100HS,2,0,99,0,0,0,0,0,0,Guarulhos,SP,0,0,1,35,3518800,2025,9,Setembro
Quinta,25/09/2025,plantão GRU noite,Alex,Trabalhado,XT2100HS,1,0,98,0,0,0,0,0,0,Guarulhos,SP,0,0,1,35,3518800,2025,9,Setembro
Sexta,26/09/2025,plantão GRU noite,Alex,Trabalhado,XT2100HS,1,0,100,0,0,0,0,0,0,Guarulhos,SP,0,0,1,35,3518800,2025,9,Setembro
sábado,27/09/2025,plantão GRU noite,Alex,Trabalhado,XT2100HS,1,0,99,0,0,0,0,0,0,Guarulhos,SP,0,0,1,35,3518800,2025,9,Setembro
Domingo,28/09/2025,Folga,0,Folga,,0,0,0,0,0,0,0,0,0,São Paulo,SP,0,0,0,35,3550308,2025,9,Setembro
Segunda,29/09/2025,,0,Sem Atividade,,0,0,0,0,0,0,0,0,0,São Paulo,SP,0,0,0,35,3550308,2025,9,Setembro
Terça,30/09/2025,,0,Sem Atividade,,0,0,0,0,0,0,0,0,0,São Paulo,SP,0,0,0,35,3550308,2025,9,Setembro
Quarta,01/10/2025,alinhamento chamado ML GRU 2,Walter,Trabalhado,,1,0,0,0,0,0,0,0,0,São Paulo,SP,0,0,0,35,3550308,2025,10,Outubro
Quinta,02/10/2025,corr ML GRU 2 100100D C6563/6564,Walter,Trabalhado,CX100100D,0,2,90,0,0,2,0,0,0,Guarulhos,SP,0,0,0,35,3518800,2025,10,Outubro
Sexta,03/10/2025,corr cainiao 100100D C6568/6570/6571,Diego,Trabalhado,CX100100D,0,3,312,0,0,3,0,0,0,Campinas,SP,0,0,0,35,3509502,2025,10,Outubro
sábado,04/10/2025,Folga,0,Folga,,0,0,0,0,0,0,0,0,0,São Paulo,SP,0,0,0,35,3550308,2025,10,Outubro
Domingo,05/10/2025,Folga,0,Folga,,0,0,0,0,0,0,0,0,0,São Paulo,SP,0,0,0,35,3550308,2025,10,Outubro
Segunda,06/10/2025,,0,Sem Atividade,,0,0,0,0,0,0,0,0,0,São Paulo,SP,0,0,0,35,3550308,2025,10,Outubro
Terça,07/10/2025,corr aerop VCP 100100D C6592,PCM,Trabalhado,CX100100D,0,1,314,0,0,1,0,0,0,Campinas,SP,0,0,0,35,3509502,2025,10,Outubro
Quarta,08/10/2025,papelada + corr ML SBC 100100D C6600,Barbosa,Trabalhado,CX100100D,1,1,104,0,0,1,0,0,0,São Bernardo do Campo,SP,0,0,0,35,3548708,2025,10,Outubro
Quinta,09/10/2025,,0,Sem Atividade,,0,0,0,0,0,0,0,0,0,São Paulo,SP,0,0,0,35,3550308,2025,10,Outubro
Sexta,10/10/2025,corr anjun 03 100100D C6610/6608/6611 (init teste Auvo 64354255),Alex,Trabalhado,CX100100D,0,3,97,0,0,3,0,0,0,Guarulhos,SP,0,0,0,35,3518800,2025,10,Outubro
sábado,11/10/2025,Folga,0,Folga,,0,0,0,0,0,0,0,0,0,São Paulo,SP,0,0,0,35,3550308,2025,10,Outubro
Domingo,12/10/2025,Nossa Senhora Aparecida,0,Feriado,,0,0,0,0,0,0,0,0,0,São Paulo,SP,0,0,0,35,3550308,2025,10,Outubro
Segunda,13/10/2025,,0,Sem Atividade,,0,0,0,0,0,0,0,0,0,São Paulo,SP,0,0,0,35,3550308,2025,10,Outubro
Terça,14/10/2025,prev Anjun 100100D P8031/8032,PCM,Trabalhado,CX100100D,0,2,99,0,2,0,0,0,0,Guarulhos,SP,0,0,0,35,3518800,2025,10,Outubro
Quarta,15/10/2025,prev Anjun 100100D P8041/8042/C6636,PCM,Trabalhado,CX100100D,0,3,99,0,2,1,0,0,0,Guarulhos,SP,0,0,0,35,3518800,2025,10,Outubro
Quinta,16/10/2025,casa Belenzinho as 08:30 perícia,PCM,Trabalhado,,1,0,74,0,0,0,0,0,0,São Paulo,SP,0,0,0,35,3550308,2025,10,Outubro
Sexta,17/10/2025,,0,Sem Atividade,,0,0,0,0,0,0,0,0,0,São Paulo,SP,0,0,0,35,3550308,2025,10,Outubro
sábado,18/10/2025,Folga,0,Folga,,0,0,0,0,0,0,0,0,0,São Paulo,SP,0,0,0,35,3550308,2025,10,Outubro
Domingo,19/10/2025,Folga,0,Folga,,0,0,0,0,0,0,0,0,0,São Paulo,SP,0,0,0,35,3550308,2025,10,Outubro
Segunda,20/10/2025,prev Anjun P8064/8065/8066,PCM,Trabalhado,CX100100D,0,3,99,0,3,0,0,0,0,Guarulhos,SP,0,0,0,35,3518800,2025,10,Outubro
Terça,21/10/2025,prev Anjun P8075/8076,PCM,Trabalhado,CX100100D,0,2,100,0,2,0,0,0,0,Guarulhos,SP,0,0,0,35,3518800,2025,10,Outubro
Quarta,22/10/2025,,0,Sem Atividade,,0,0,0,0,0,0,0,0,0,São Paulo,SP,0,0,0,35,3550308,2025,10,Outubro
Quinta,23/10/2025,prev ML GRU P8109,PCM,Trabalhado,CX100100D,0,1,104,0,1,0,0,0,0,Guarulhos,SP,0,0,0,35,3518800,2025,10,Outubro
Sexta,24/10/2025,corr anjun C6690/6691,Alex,Trabalhado,CX100100D,0,2,98,0,0,2,0,0,0,Guarulhos,SP,0,0,0,35,3518800,2025,10,Outubro
sábado,25/10/2025,Folga,0,Folga,,0,0,0,0,0,0,0,0,0,São Paulo,SP,0,0,0,35,3550308,2025,10,Outubro
Domingo,26/10/2025,Folga,0,Folga,,0,0,0,0,0,0,0,0,0,São Paulo,SP,0,0,0,35,3550308,2025,10,Outubro
Segunda,27/10/2025,,0,Sem Atividade,,0,0,0,0,0,0,0,0,0,São Paulo,SP,0,0,0,35,3550308,2025,10,Outubro
Terça,28/10/2025,,0,Sem Atividade,,0,0,0,0,0,0,0,0,0,São Paulo,SP,0,0,0,35,3550308,2025,10,Outubro
Quarta,29/10/2025,,0,Sem Atividade,,0,0,0,0,0,0,0,0,0,São Paulo,SP,0,0,0,35,3550308,2025,10,Outubro
Quinta,30/10/2025,,0,Sem Atividade,,0,0,0,0,0,0,0,0,0,São Paulo,SP,0,0,0,35,3550308,2025,10,Outubro
Sexta,31/10/2025,,0,Sem Atividade,,0,0,0,0,0,0,0,0,0,São Paulo,SP,0,0,0,35,3550308,2025,10,Outubro
sábado,01/11/2025,Folga + fábrica + corr casa Atibaia HT2000 C6766,Diego,Trabalhado,HT2000GA,0,1,367,0,0,1,0,0,0,Atibaia,SP,1,0,0,35,3504107,2025,11,Novembro
Domingo,02/11/2025,Finados,0,Feriado,,0,0,0,0,0,0,0,0,0,São Paulo,SP,0,0,0,35,3550308,2025,11,Novembro
Segunda,03/11/2025,,0,Sem Atividade,,0,0,0,0,0,0,0,0,0,São Paulo,SP,0,0,0,35,3550308,2025,11,Novembro
Terça,04/11/2025,,0,Sem Atividade,,0,0,0,0,0,0,0,0,0,São Paulo,SP,0,0,0,35,3550308,2025,11,Novembro
Quarta,05/11/2025,,0,Sem Atividade,,0,0,0,0,0,0,0,0,0,São Paulo,SP,0,0,0,35,3550308,2025,11,Novembro
Quinta,06/11/2025,treinamento online Sejusp das 08:00 as 12:00,PCM,Trabalhado,,1,0,0,0,0,0,0,1,0,São Paulo,SP,0,0,0,35,3550308,2025,11,Novembro
Sexta,07/11/2025,fábrica +troca monitor e prev casa Atibaia P9284,Diego,Trabalhado,HT2000GA,1,1,400,0,1,0,0,0,0,Atibaia,SP,0,0,0,35,3504107,2025,11,Novembro
sábado,08/11/2025,Folga,0,Folga,,0,0,0,0,0,0,0,0,0,São Paulo,SP,0,0,0,35,3550308,2025,11,Novembro
Domingo,09/11/2025,Folga,0,Folga,,0,0,0,0,0,0,0,0,0,São Paulo,SP,0,0,0,35,3550308,2025,11,Novembro
Segunda,10/11/2025,exame periódico Nuctech as 08:00,RH,Trabalhado,,1,0,125,0,0,0,0,0,0,São Paulo,SP,0,0,0,35,3550308,2025,11,Novembro
Terça,11/11/2025,prev TFK P8262/8263/8264/8265 + papelada + retorno Barbosa ETD,PCM,Trabalhado,CX100100D,2,4,320,0,4,0,0,0,0,Guarulhos,SP,0,0,0,35,3518800,2025,11,Novembro
Quarta,12/11/2025,prev TFK 8266/8267/8268/8269 + corr TFK C6784/6785/6786/6787,PCM,Trabalhado,CX100100D,4,4,98,0,4,4,0,0,0,Guarulhos,SP,0,0,0,35,3518800,2025,11,Novembro
Quinta,13/11/2025,rem pres Maceió ht2000ga R1171,PCM,Trabalhado,HT2000GA,0,1,0,0,0,1,0,0,0,São Paulo,SP,0,0,0,35,3550308,2025,11,Novembro
Sexta,14/11/2025,corr ML PQ Novo Mundo C6800,Barbosa,Trabalhado,CX100100D,0,1,71,0,0,1,0,0,0,São Paulo,SP,0,0,0,35,3550308,2025,11,Novembro
sábado,15/11/2025,Folga,0,Folga,,0,0,0,0,0,0,0,0,0,São Paulo,SP,0,0,0,35,3550308,2025,11,Novembro
Domingo,16/11/2025,Feriado Proclamação da Republica,0,Feriado,,0,0,0,0,0,0,0,0,0,São Paulo,SP,0,0,0,35,3550308,2025,11,Novembro
Segunda,17/11/2025,perícia Casa Belenzinho as 10:00,PCM,Trabalhado,,1,0,84,0,0,0,0,0,0,São Paulo,SP,0,0,0,35,3550308,2025,11,Novembro
Terça,18/11/2025,,0,Sem Atividade,,0,0,0,0,0,0,0,0,0,São Paulo,SP,0,0,0,35,3550308,2025,11,Novembro
Quarta,19/11/2025,prev ML Extrema P8324,PCM,Trabalhado,CX100100D,0,1,253,0,1,0,0,0,0,Extrema,MG,0,0,0,31,3125101,2025,11,Novembro
Quinta,20/11/2025,Plantão + Consciência Negra,Plantão,Trabalhado,,1,0,0,0,0,0,0,0,0,São Paulo,SP,0,0,1,35,3550308,2025,11,Novembro
Sexta,21/11/2025,Folga Plantão,0,Folga Plantão,,0,0,0,0,0,0,0,0,0,São Paulo,SP,0,0,0,35,3550308,2025,11,Novembro
sábado,22/11/2025,Folga,0,Folga,,0,0,0,0,0,0,0,0,0,São Paulo,SP,0,0,0,35,3550308,2025,11,Novembro
Domingo,23/11/2025,Folga,0,Folga,,0,0,0,0,0,0,0,0,0,São Paulo,SP,0,0,0,35,3550308,2025,11,Novembro
Segunda,24/11/2025,corr Anjun C6845/6846/6847 + papelada,Alex,Trabalhado,CX100100D,1,3,98,0,0,0,0,0,0,Guarulhos,SP,0,0,0,35,3518800,2025,11,Novembro
Terça,25/11/2025,fábrica + corr ML PQ Novo Mundo (tubo) C6859,Barbosa,Trabalhado,CX100100D,1,1,307,0,0,1,0,0,0,Indaiatuba,SP,0,0,0,35,3520509,2025,11,Novembro
Quarta,26/11/2025,corr ML PQ Novo Mundo C6873,Barbosa,Trabalhado,CX100100D,0,1,71,0,0,1,0,0,0,São Paulo,SP,0,0,0,35,3550308,2025,11,Novembro
Quinta,27/11/2025,,0,Sem Atividade,,0,0,0,0,0,0,0,0,0,São Paulo,SP,0,0,0,35,3550308,2025,11,Novembro
Sexta,28/11/2025,corr anjun C6881,Alex,Trabalhado,CX100100D,0,1,98,0,0,1,0,0,0,Guarulhos,SP,0,0,0,35,3518800,2025,11,Novembro
sábado,29/11/2025,Folga,0,Folga,,0,0,0,0,0,0,0,0,0,São Paulo,SP,0,0,0,35,3550308,2025,11,Novembro
Domingo,30/11/2025,Folga,0,Folga,,0,0,0,0,0,0,0,0,0,São Paulo,SP,0,0,0,35,3550308,2025,11,Novembro
Segunda,01/12/2025,prev TFK P8435/8437,PCM,Trabalhado,CX100100D,0,2,98,0,2,0,0,0,0,Guarulhos,SP,0,0,0,35,3518800,2025,12,Dezembro
Terça,02/12/2025,prev aerop VCP (faltou agendar Valci) + prev e corr azul cargo VCP P8422/C6895,PCM,Trabalhado,CX6040D,1,2,298,0,1,1,0,0,0,Campinas,SP,0,0,0,35,3509502,2025,12,Dezembro
Quarta,03/12/2025,reunião Auvo as 09:00 + prev TFK P8439/8440,PCM,Trabalhado,CX100100D,1,2,98,0,2,0,0,0,0,Guarulhos,SP,0,0,0,35,3518800,2025,12,Dezembro
Quinta,04/12/2025,devolver peças + pés Jbens VCP C6906,PCM,Trabalhado,CX6040D,1,1,306,0,0,1,0,0,0,Campinas,SP,0,0,0,35,3509502,2025,12,Dezembro
Sexta,05/12/2025,Folga Plantão + papelada,0,Folga Plantão,,1,0,0,0,0,0,0,0,0,São Paulo,SP,0,0,0,35,3550308,2025,12,Dezembro
sábado,06/12/2025,Plantão,Plantão,Trabalhado,,1,0,0,0,0,0,0,0,0,São Paulo,SP,0,0,1,35,3550308,2025,12,Dezembro
Domingo,07/12/2025,Plantão,Plantão,Trabalhado,,1,0,0,0,0,0,0,0,0,São Paulo,SP,0,0,1,35,3550308,2025,12,Dezembro
Segunda,08/12/2025,Férias,0,Férias,,0,0,0,0,0,0,0,0,0,São Paulo,SP,0,0,0,35,3550308,2025,12,Dezembro
Terça,09/12/2025,Férias,0,Férias,,0,0,0,0,0,0,0,0,0,São Paulo,SP,0,0,0,35,3550308,2025,12,Dezembro
Quarta,10/12/2025,Férias,0,Férias,,0,0,0,0,0,0,0,0,0,São Paulo,SP,0,0,0,35,3550308,2025,12,Dezembro
Quinta,11/12/2025,Férias,0,Férias,,0,0,0,0,0,0,0,0,0,São Paulo,SP,0,0,0,35,3550308,2025,12,Dezembro
Sexta,12/12/2025,Férias,0,Férias,,0,0,0,0,0,0,0,0,0,São Paulo,SP,0,0,0,35,3550308,2025,12,Dezembro
sábado,13/12/2025,Férias,0,Férias,,0,0,0,0,0,0,0,0,0,São Paulo,SP,0,0,0,35,3550308,2025,12,Dezembro
Domingo,14/12/2025,Férias,0,Férias,,0,0,0,0,0,0,0,0,0,São Paulo,SP,0,0,0,35,3550308,2025,12,Dezembro
Segunda,15/12/2025,Férias,0,Férias,,0,0,0,0,0,0,0,0,0,São Paulo,SP,0,0,0,35,3550308,2025,12,Dezembro
Terça,16/12/2025,Férias,0,Férias,,0,0,0,0,0,0,0,0,0,São Paulo,SP,0,0,0,35,3550308,2025,12,Dezembro
Quarta,17/12/2025,Férias,0,Férias,,0,0,0,0,0,0,0,0,0,São Paulo,SP,0,0,0,35,3550308,2025,12,Dezembro
Quinta,18/12/2025,Férias,0,Férias,,0,0,0,0,0,0,0,0,0,São Paulo,SP,0,0,0,35,3550308,2025,12,Dezembro
Sexta,19/12/2025,Férias,0,Férias,,0,0,0,0,0,0,0,0,0,São Paulo,SP,0,0,0,35,3550308,2025,12,Dezembro
sábado,20/12/2025,Férias,0,Férias,,0,0,0,0,0,0,0,0,0,São Paulo,SP,0,0,0,35,3550308,2025,12,Dezembro
Domingo,21/12/2025,Férias,0,Férias,,0,0,0,0,0,0,0,0,0,São Paulo,SP,0,0,0,35,3550308,2025,12,Dezembro
Segunda,22/12/2025,Férias,0,Férias,,0,0,0,0,0,0,0,0,0,São Paulo,SP,0,0,0,35,3550308,2025,12,Dezembro
Terça,23/12/2025,,0,Sem Atividade,,0,0,0,0,0,0,0,0,0,São Paulo,SP,0,0,0,35,3550308,2025,12,Dezembro
Quarta,24/12/2025,Plantão + Véspera natal,Plantão,Trabalhado,,1,0,0,0,0,0,0,0,0,São Paulo,SP,0,0,1,35,3550308,2025,12,Dezembro
Quinta,25/12/2025,Plantão + Natal,Plantão,Trabalhado,,1,0,0,0,0,0,0,0,0,São Paulo,SP,0,0,1,35,3550308,2025,12,Dezembro
Sexta,26/12/2025,Folga Plantão,0,Folga Plantão,,0,0,0,0,0,0,0,0,0,São Paulo,SP,0,0,0,35,3550308,2025,12,Dezembro
sábado,27/12/2025,Folga,0,Folga,,0,0,0,0,0,0,0,0,0,São Paulo,SP,0,0,0,35,3550308,2025,12,Dezembro
Domingo,28/12/2025,Folga,0,Folga,,0,0,0,0,0,0,0,0,0,São Paulo,SP,0,0,0,35,3550308,2025,12,Dezembro
Segunda,29/12/2025,corr Anjun C7040,Diego,Trabalhado,CX100100D,0,1,99,0,0,1,0,0,0,Guarulhos,SP,0,0,0,35,3518800,2025,12,Dezembro
Terça,30/12/2025,GRU contrato novo,Barbosa,Trabalhado,,1,0,101,0,0,0,0,0,0,Guarulhos,SP,0,0,0,35,3518800,2025,12,Dezembro
Quarta,31/12/2025,Plantão + plantão GRU noite,Plantão,Trabalhado,,2,0,101,0,0,0,0,0,0,Guarulhos,SP,0,0,1,35,3518800,2025,12,Dezembro